id,price
a15723889,-1
a40861640,-1
a27466647,-1
a50643073,-1
a8953200,-1
a708126097161266393,-1
a52123884,-1
a48541458,-1
a21054012,-1
a12166912,-1
a749445915164605594,-1
a41177251,-1
a610155685288484677,-1
a545163157468611464,-1
a51614134,-1
a627035474618025380,-1
a40452839,-1
a649171234457483387,-1
a54307697,-1
a53940686,-1
a24105640,-1
a15561163,-1
a48345099,-1
a13907872,-1
a600844935719363174,-1
a53436782,-1
a19590209,-1
a53921112,-1
a52900413,-1
a48107623,-1
a706712347413814784,-1
a15845215,-1
a48318945,-1
a557097813047055414,-1
a53591828,-1
a37052586,-1
a4150972,-1
a18852245,-1
a37696099,-1
a689925344030736336,-1
a52617375,-1
a45235897,-1
a783615162751617942,-1
a43594671,-1
a737043235799509346,-1
a4890726,-1
a30398373,-1
a25280641,-1
a40721525,-1
a28519623,-1
a40806055,-1
a22997928,-1
a715268884655821689,-1
a40911813,-1
a4227554,-1
a31663848,-1
a53099144,-1
a31174610,-1
a3465651,-1
a41637801,-1
a657878384573950128,-1
a35454285,-1
a14918238,-1
a742666616667114894,-1
a22327744,-1
a22751906,-1
a13531199,-1
a50490000,-1
a45099567,-1
a53491341,-1
a5137531,-1
a17653791,-1
a9146595,-1
a31898478,-1
a12302170,-1
a49958636,-1
a563246706811573391,-1
a53513368,-1
a596986224454269512,-1
a754245200937570666,-1
a21891406,-1
a6326681,-1
a50748266,-1
a8825297,-1
a42835727,-1
a20193830,-1
a650064306633247824,-1
a38462360,-1
a634231714994159268,-1
a739298189699294778,-1
a794991103547558012,-1
a16898313,-1
a10199699,-1
a28867577,-1
a37283751,-1
a43104937,-1
a26655705,-1
a5343821,-1
a710385606950283114,-1
a37806107,-1
a5882725,-1
a17495518,-1
a3202590,-1
a30093843,-1
a28437669,-1
a49002584,-1
a17951580,-1
a21263120,-1
a647713196690082967,-1
a10365373,-1
a29095078,-1
a584116606352860352,-1
a27141013,-1
a54001498,-1
a44642468,-1
a47027616,-1
a4469650,-1
a34641992,-1
a20267865,-1
a39554590,-1
a10100241,-1
a35867138,-1
a15425744,-1
a32502180,-1
a44415969,-1
a21264903,-1
a48066381,-1
a150804,-1
a31380618,-1
a796660992700511337,-1
a49733510,-1
a23594177,-1
a4428854,-1
a8274711,-1
a31121555,-1
a53560223,-1
a679139632418857066,-1
a50114760,-1
a14089808,-1
a18459948,-1
a5082455,-1
a29884003,-1
a19803042,-1
a4774496,-1
a26663094,-1
a40871135,-1
a35860626,-1
a17479736,-1
a52934351,-1
a734846747989529693,-1
a53880013,-1
a50639364,-1
a17137626,-1
a54367071,-1
a50265933,-1
a23768711,-1
a4717296,-1
a21976874,-1
a44631028,-1
a736922714871006442,-1
a559586504917827345,-1
a686167351012894994,-1
a724523305202489864,-1
a848071,-1
a49439129,-1
a26874462,-1
a52403428,-1
a42888442,-1
a655155218206639303,-1
a62891,-1
a2629613,-1
a5792453,-1
a920930,-1
a13276525,-1
a52408941,-1
a34536285,-1
a612104679091450603,-1
a686917295507154992,-1
a3569374,-1
a425423,-1
a3344237,-1
a18986503,-1
a795641,-1
a3369623,-1
a37881656,-1
a16206887,-1
a29039647,-1
a690394950766299325,-1
a838586,-1
a2201581,-1
a1305346,-1
a653115959913997889,-1
a31951675,-1
a15447090,-1
a671019499077342540,-1
a53234877,-1
a10807838,-1
a21369271,-1
a40158019,-1
a37582488,-1
a40816022,-1
a11593727,-1
a1959024,-1
a33127307,-1
a47875134,-1
a17042235,-1
a3072242,-1
a634650432149311043,-1
a25071113,-1
a13623987,-1
a50997741,-1
a44070261,-1
a14434,-1
a46419119,-1
a42043698,-1
a654510070388903918,-1
a578423657057251360,-1
a40735445,-1
a6645963,-1
a37862092,-1
a1891274,-1
a6776698,-1
a785575289851041957,-1
a685135549501735601,-1
a29740171,-1
a45119005,-1
a1559912,-1
a49447343,-1
a9256750,-1
a1281257,-1
a26500063,-1
a48982748,-1
a671197986220963754,-1
a201992,-1
a650330687928418169,-1
a655101226464744005,-1
a556487111077074407,-1
a554400732861092002,-1
a24491450,-1
a563823861857118589,-1
a23466360,-1
a707250744053305867,-1
a51692606,-1
a42880859,-1
a35490967,-1
a484297,-1
a33116655,-1
a24632456,-1
a3852261,-1
a22282513,-1
a1011449,-1
a49799391,-1
a14469737,-1
a17667585,-1
a569569246169923553,-1
a678959701313356176,-1
a6764316,-1
a741191681643056506,-1
a16283830,-1
a36109805,-1
a34228220,-1
a6965441,-1
a548559882209685166,-1
a681854222842680619,-1
a9309192,-1
a49440252,-1
a836720,-1
a35222567,-1
a778441097353195696,-1
a20040078,-1
a583850258791847187,-1
a22279816,-1
a722769102918602860,-1
a591087621126386137,-1
a21518467,-1
a2636396,-1
a12806356,-1
a15379574,-1
a37750997,-1
a5939328,-1
a717567125487812133,-1
a36695857,-1
a14349588,-1
a1731245,-1
a23020466,-1
a562884903457128974,-1
a29155895,-1
a53661970,-1
a35385249,-1
a789302,-1
a702944306876696774,-1
a37785816,-1
a4760085,-1
a45747355,-1
a766185201488093082,-1
a759641595376116625,-1
a27662837,-1
a50156834,-1
a7953819,-1
a25710052,-1
a21241829,-1
a49132815,-1
a39870438,-1
a5647213,-1
a20708503,-1
a9464137,-1
a29243499,-1
a9446357,-1
a18876659,-1
a645067802724119686,-1
a53588421,-1
a350168,-1
a54262883,-1
a2159193,-1
a37993547,-1
a15482512,-1
a565031776522886558,-1
a37213303,-1
a50969129,-1
a1307095,-1
a29835159,-1
a740665292239465033,-1
a681967413586128126,-1
a33907731,-1
a744442141129203382,-1
a51582101,-1
a662347282607980158,-1
a11305815,-1
a14817571,-1
a548694761939611750,-1
a30536087,-1
a6713521,-1
a773187730921743905,-1
a725622660255589262,-1
a52353508,-1
a46154796,-1
a31947645,-1
a39771515,-1
a5697556,-1
a561576961935479391,-1
a39194754,-1
a21932460,-1
a846854,-1
a990130,-1
a52005211,-1
a50961550,-1
a29489407,-1
a726953637349092871,-1
a742846569646585640,-1
a16353229,-1
a606406524027500438,-1
a15875061,-1
a7275655,-1
a626261567656225711,-1
a584106153087423766,-1
a21969058,-1
a52920136,-1
a8411390,-1
a34705719,-1
a53699744,-1
a20331226,-1
a16244878,-1
a46280898,-1
a629949,-1
a41538377,-1
a4343860,-1
a557844332536279327,-1
a25071168,-1
a23965055,-1
a794863971316559528,-1
a41962326,-1
a696464060385021569,-1
a26900640,-1
a45865497,-1
a287845,-1
a49611264,-1
a752921953355238932,-1
a54260862,-1
a40239407,-1
a1256768,-1
a8869857,-1
a729242605463722182,-1
a36872628,-1
a39066657,-1
a29829066,-1
a50476420,-1
a36941192,-1
a35454756,-1
a52883668,-1
a37140513,-1
a11139469,-1
a714187948976082768,-1
a30268825,-1
a46491701,-1
a2113934,-1
a27461602,-1
a26887521,-1
a44059338,-1
a767487672787572398,-1
a636262868130380492,-1
a31121209,-1
a551257655647298078,-1
a20459818,-1
a42265787,-1
a46275383,-1
a51279896,-1
a902528,-1
a643325816869819114,-1
a10387839,-1
a44848837,-1
a32845010,-1
a4455094,-1
a33716043,-1
a21569360,-1
a613186029789371381,-1
a21461874,-1
a14462592,-1
a48104102,-1
a17122814,-1
a588609787851584872,-1
a7657879,-1
a28081224,-1
a24355927,-1
a623879745897131428,-1
a558538926629464616,-1
a40473913,-1
a5772667,-1
a36875336,-1
a45068785,-1
a690612818613543303,-1
a1449546,-1
a21213799,-1
a611683031548480250,-1
a11701404,-1
a34369607,-1
a610581749832459468,-1
a21108401,-1
a41880997,-1
a670720610245769928,-1
a33772781,-1
a20933293,-1
a39415178,-1
a1155475,-1
a20914711,-1
a28240916,-1
a40986705,-1
a53031277,-1
a45268111,-1
a713126481592732328,-1
a36307792,-1
a13729876,-1
a80493,-1
a18917771,-1
a662225821326078046,-1
a53786471,-1
a18836532,-1
a14716586,-1
a18629154,-1
a684986547927574010,-1
a15393322,-1
a24919742,-1
a30043083,-1
a44154912,-1
a6628117,-1
a53785006,-1
a48920131,-1
a18689454,-1
a29824343,-1
a37094204,-1
a3533180,-1
a20278540,-1
a4296956,-1
a13083638,-1
a24269100,-1
a664360592794137978,-1
a6585852,-1
a20895982,-1
a21524489,-1
a27580964,-1
a11967410,-1
a52194454,-1
a32392636,-1
a53596060,-1
a22450373,-1
a576227,-1
a617780094173216846,-1
a51023991,-1
a17684359,-1
a671123801706291795,-1
a29338559,-1
a48676981,-1
a49442994,-1
a17515391,-1
a116551,-1
a681140426790471144,-1
a39861059,-1
a4841187,-1
a654399855909001706,-1
a52001672,-1
a36100930,-1
a16954154,-1
a6334236,-1
a33521985,-1
a13016417,-1
a8525292,-1
a53773098,-1
a9748877,-1
a14911767,-1
a53771662,-1
a3359510,-1
a18671835,-1
a197942,-1
a32705496,-1
a20970017,-1
a39673143,-1
a771422886160920375,-1
a45172904,-1
a24608922,-1
a54214433,-1
a14470437,-1
a14807279,-1
a48182605,-1
a409666,-1
a2784311,-1
a736330645469694030,-1
a38554448,-1
a2922197,-1
a17938337,-1
a602399218578328207,-1
a852118,-1
a669057605920157597,-1
a603753191773135399,-1
a588645397386031600,-1
a3414885,-1
a37564878,-1
a21577526,-1
a50300354,-1
a47941354,-1
a45781965,-1
a668144560978973072,-1
a589980660517454096,-1
a19134814,-1
a18893778,-1
a3603134,-1
a8054651,-1
a3624387,-1
a54307170,-1
a51714320,-1
a51481018,-1
a9365176,-1
a10321100,-1
a22631779,-1
a555687828315016864,-1
a13156126,-1
a1970177,-1
a29487347,-1
a46420861,-1
a541725,-1
a35380648,-1
a14759888,-1
a52041531,-1
a14588156,-1
a37988953,-1
a2333141,-1
a604157600844300858,-1
a9384723,-1
a14499377,-1
a649267754730612723,-1
a47907385,-1
a4225738,-1
a721762,-1
a9253827,-1
a21473314,-1
a30708846,-1
a54074203,-1
a594895096931762978,-1
a35343378,-1
a48980681,-1
a18745767,-1
a27712922,-1
a8760442,-1
a54342616,-1
a52166736,-1
a36137613,-1
a17556480,-1
a15964171,-1
a4996027,-1
a29301889,-1
a18746696,-1
a22345693,-1
a6969011,-1
a52399899,-1
a10277010,-1
a18565752,-1
a39634804,-1
a697164269523445797,-1
a1645181,-1
a620892900367377566,-1
a265506,-1
a18638573,-1
a739733042173970125,-1
a23756498,-1
a699885231741637561,-1
a52550598,-1
a719814996923438441,-1
a16899058,-1
a51470664,-1
a20466016,-1
a49584878,-1
a3825437,-1
a49124456,-1
a34116575,-1
a599150267090624036,-1
a635484369090867609,-1
a39725514,-1
a721599769694206911,-1
a496166,-1
a52073825,-1
a23877781,-1
a6586663,-1
a6276574,-1
a47293809,-1
a13426615,-1
a53421923,-1
a8208285,-1
a3848431,-1
a7535450,-1
a34886485,-1
a681025139336985246,-1
a52423204,-1
a48736458,-1
a774790005240645091,-1
a19734117,-1
a15206157,-1
a30686973,-1
a40090536,-1
a50747708,-1
a48187242,-1
a49836839,-1
a8473532,-1
a713690174109417452,-1
a13220720,-1
a52124237,-1
a694043645533566929,-1
a722989997399567864,-1
a519310,-1
a52716416,-1
a13044689,-1
a52824632,-1
a13730290,-1
a5692492,-1
a40928652,-1
a12518189,-1
a2210663,-1
a18431324,-1
a40093570,-1
a20570202,-1
a47996705,-1
a508095992839347917,-1
a10256457,-1
a13415952,-1
a51685545,-1
a33854066,-1
a26916664,-1
a26837834,-1
a53886001,-1
a52687101,-1
a26035069,-1
a43069652,-1
a31593170,-1
a5857519,-1
a6356070,-1
a8943358,-1
a47338012,-1
a621841036756619051,-1
a554590833584755715,-1
a6766537,-1
a45258129,-1
a19220496,-1
a14141622,-1
a40347199,-1
a13140220,-1
a4782243,-1
a760914180130615317,-1
a711848926451229769,-1
a13236366,-1
a4784846,-1
a28164678,-1
a7480795,-1
a17590729,-1
a686224538952004466,-1
a611469914816540082,-1
a9351006,-1
a35485306,-1
a756769121402278825,-1
a25231230,-1
a41567947,-1
a53498717,-1
a236788,-1
a599806687631020705,-1
a51578313,-1
a51525711,-1
a20284463,-1
a721927508792405981,-1
a727512,-1
a601374442722216589,-1
a24748187,-1
a646309888139057994,-1
a746838597326136494,-1
a654232,-1
a53559664,-1
a50201085,-1
a12806016,-1
a725956831420905581,-1
a781337076750614826,-1
a695515249027746508,-1
a649188496353748763,-1
a45011640,-1
a37568328,-1
a35252845,-1
a622642286236302171,-1
a33716380,-1
a570315741712078963,-1
a609070017308118722,-1
a25587778,-1
a17766580,-1
a232612,-1
a4792529,-1
a9426345,-1
a53414867,-1
a624564459912553577,-1
a699509640357367932,-1
a21053432,-1
a41593430,-1
a35254823,-1
a21942269,-1
a35319436,-1
a18481196,-1
a591964679865314050,-1
a52551413,-1
a31123021,-1
a32858895,-1
a3725902,-1
a532288,-1
a45527936,-1
a6259593,-1
a35059840,-1
a19915657,-1
a32803072,-1
a13893264,-1
a52562428,-1
a1276760,-1
a656751124427951169,-1
a553903,-1
a49142923,-1
a34491611,-1
a31879887,-1
a6226794,-1
a747698059198507352,-1
a21935608,-1
a19177262,-1
a50145063,-1
a8665047,-1
a18857790,-1
a9996144,-1
a28699232,-1
a6990,-1
a660449497312289132,-1
a46379970,-1
a52553481,-1
a8971258,-1
a51920189,-1
a24022943,-1
a632752608177110815,-1
a719105715046041326,-1
a13230807,-1
a1475631,-1
a12567868,-1
a700462443091502441,-1
a773950797223345760,-1
a29054423,-1
a13238211,-1
a48720514,-1
a1063020,-1
a7131007,-1
a22551923,-1
a23875454,-1
a22387499,-1
a18838909,-1
a53881005,-1
a49469061,-1
a608922220343023244,-1
a51383927,-1
a38552103,-1
a766254098303221820,-1
a655084915447823076,-1
a14680999,-1
a23435772,-1
a4621217,-1
a439750,-1
a27876346,-1
a9854420,-1
a53263629,-1
a45350372,-1
a593463956519354168,-1
a679604722787295688,-1
a17239321,-1
a305211,-1
a622059330744504789,-1
a385824,-1
a20981954,-1
a696061385423980135,-1
a34256727,-1
a4091823,-1
a31103559,-1
a692920714063221278,-1
a554360054662745249,-1
a8796876,-1
a25328184,-1
a38655825,-1
a31511086,-1
a36381909,-1
a52221919,-1
a47200931,-1
a16427395,-1
a589119137703964137,-1
a42504616,-1
a53066483,-1
a50641438,-1
a14760211,-1
a816888,-1
a27784542,-1
a4312431,-1
a21006224,-1
a27519196,-1
a661181826586737714,-1
a41686149,-1
a4782799,-1
a1821541,-1
a36991984,-1
a737591267094992614,-1
a22703468,-1
a106906,-1
a22445969,-1
a27227269,-1
a600771572262826033,-1
a33223405,-1
a20624427,-1
a765673625786204864,-1
a17651741,-1
a52170063,-1
a35496842,-1
a50574468,-1
a18340599,-1
a16751768,-1
a26845561,-1
a36639976,-1
a49272338,-1
a592867681828592003,-1
a22000376,-1
a20498261,-1
a51019131,-1
a581957116197906248,-1
a31130,-1
a673528504700098825,-1
a33235936,-1
a17423245,-1
a18104150,-1
a13080685,-1
a46829853,-1
a48913889,-1
a2865117,-1
a19785259,-1
a560127890066016491,-1
a36813643,-1
a755962151070353444,-1
a50634191,-1
a53262764,-1
a685676699427435848,-1
a30059328,-1
a739676464379063672,-1
a25212748,-1
a253475,-1
a10167401,-1
a52552844,-1
a545883419884791508,-1
a39818487,-1
a16424565,-1
a645666659875635272,-1
a603102812031344663,-1
a20639792,-1
a5004463,-1
a7656308,-1
a52330611,-1
a20913,-1
a14388889,-1
a8392929,-1
a50394733,-1
a649963048680187581,-1
a7091926,-1
a612436864300229086,-1
a550688716776847326,-1
a15561421,-1
a50486817,-1
a53117220,-1
a32645984,-1
a28230753,-1
a21173134,-1
a53030575,-1
a37592370,-1
a669203875593212473,-1
a22452728,-1
a647580,-1
a40804831,-1
a52286333,-1
a26255072,-1
a1157522,-1
a692747329554417828,-1
a36523682,-1
a49500622,-1
a4356396,-1
a14933388,-1
a24514490,-1
a46638688,-1
a649880048973005506,-1
a31311422,-1
a16422375,-1
a41372828,-1
a51702923,-1
a564274377974292757,-1
a4774763,-1
a741285934117289120,-1
a2791446,-1
a14169399,-1
a27083112,-1
a54163608,-1
a262583,-1
a36359042,-1
a15790071,-1
a29731625,-1
a5121,-1
a82638,-1
a699785525282802272,-1
a9775237,-1
a46354444,-1
a696186747519061841,-1
a53413454,-1
a44631837,-1
a5040653,-1
a3678796,-1
a613295222944590211,-1
a696398962880605218,-1
a54179757,-1
a41324037,-1
a3760824,-1
a37140989,-1
a38617814,-1
a37147093,-1
a597703114046366624,-1
a35957018,-1
a538212544069876663,-1
a733928233053721561,-1
a13529037,-1
a679810163377737065,-1
a53587310,-1
a9645338,-1
a6972046,-1
a751493689542373342,-1
a34935216,-1
a617305732779485628,-1
a30012164,-1
a26473275,-1
a601450993668834041,-1
a38045112,-1
a51283129,-1
a41497420,-1
a52191839,-1
a49785310,-1
a553872,-1
a51293194,-1
a51389174,-1
a808386228706904148,-1
a45103929,-1
a36109149,-1
a46985748,-1
a19500346,-1
a663058544226787579,-1
a4799839,-1
a596598816648255645,-1
a14856799,-1
a52266519,-1
a609547626613687846,-1
a44506417,-1
a17515734,-1
a17692964,-1
a15672618,-1
a1817510,-1
a1939106,-1
a4739407,-1
a34596961,-1
a52553133,-1
a24493475,-1
a40968313,-1
a123784,-1
a6678082,-1
a569183451383157192,-1
a24915585,-1
a49607941,-1
a52993530,-1
a48017619,-1
a36239518,-1
a11370207,-1
a8152916,-1
a106363,-1
a2254388,-1
a30929724,-1
a32820849,-1
a30857261,-1
a598456006209498021,-1
a26954041,-1
a14823020,-1
a577549145052236213,-1
a642769749511886116,-1
a36571835,-1
a11544438,-1
a31224224,-1
a44938771,-1
a3857180,-1
a22076961,-1
a29307957,-1
a17347938,-1
a37813174,-1
a4449192,-1
a24945253,-1
a19294842,-1
a33491707,-1
a10573225,-1
a41380528,-1
a576971103127904529,-1
a23826739,-1
a21566887,-1
a740744215343491297,-1
a38663,-1
a20326252,-1
a22770831,-1
a572746658887910471,-1
a47183756,-1
a607823796063317345,-1
a3522329,-1
a4387491,-1
a14253050,-1
a32802904,-1
a633575232394929797,-1
a52715366,-1
a11750272,-1
a22514608,-1
a22754358,-1
a42998746,-1
a13956613,-1
a6209147,-1
a42389365,-1
a52955665,-1
a504362,-1
a840731,-1
a37217357,-1
a29203530,-1
a54165294,-1
a52235795,-1
a22157683,-1
a616958463699616587,-1
a50938980,-1
a45656267,-1
a7129972,-1
a51357616,-1
a3358937,-1
a50802956,-1
a678793875305785454,-1
a615908768382499663,-1
a35257081,-1
a692231264525938691,-1
a24633966,-1
a3354484,-1
a16133543,-1
a3518682,-1
a6939719,-1
a53891341,-1
a549064352515592485,-1
a2214323,-1
a13724284,-1
a4766582,-1
a9609825,-1
a22031905,-1
a758651725455007056,-1
a22144662,-1
a53666929,-1
a46345301,-1
a47544056,-1
a34621385,-1
a37332843,-1
a3511883,-1
a1073780,-1
a42726674,-1
a787900887666890786,-1
a33092650,-1
a19768754,-1
a788344554334675199,-1
a14152775,-1
a40107156,-1
a22445948,-1
a51205592,-1
a44677711,-1
a26846867,-1
a25076765,-1
a42882271,-1
a4024582,-1
a71812,-1
a26164606,-1
a35132775,-1
a29148550,-1
a21768850,-1
a36900144,-1
a20641793,-1
a33156370,-1
a49124533,-1
a51614565,-1
a7788438,-1
a49232018,-1
a52389378,-1
a49946425,-1
a47199810,-1
a15797728,-1
a26153609,-1
a21390251,-1
a22346131,-1
a30007128,-1
a49079940,-1
a660645047444775206,-1
a19596021,-1
a670161879935215256,-1
a68974,-1
a10962,-1
a43861958,-1
a558597180499244358,-1
a45722884,-1
a704386346220109192,-1
a729840512390164566,-1
a29331513,-1
a26465413,-1
a34929016,-1
a43834804,-1
a7692326,-1
a21635603,-1
a48951983,-1
a32806789,-1
a11624421,-1
a664274069003353854,-1
a32493667,-1
a9710620,-1
a22842124,-1
a20085462,-1
a10540337,-1
a26863858,-1
a89621,-1
a34487108,-1
a773993,-1
a30439246,-1
a13788132,-1
a23466099,-1
a687561322939099711,-1
a577619585195209581,-1
a698665597836185143,-1
a9821370,-1
a11147993,-1
a45379767,-1
a1941439,-1
a14744735,-1
a43882478,-1
a49190919,-1
a42882,-1
a13384425,-1
a53737403,-1
a609165373932930110,-1
a34912334,-1
a53232183,-1
a28663593,-1
a22275245,-1
a752035441498434307,-1
a8507768,-1
a4593770,-1
a6304307,-1
a704847490533973939,-1
a7717071,-1
a46694827,-1
a29313881,-1
a53079539,-1
a49157424,-1
a16580,-1
a29858941,-1
a15529937,-1
a6692213,-1
a19103622,-1
a33138453,-1
a48851384,-1
a1743379,-1
a30060926,-1
a21365786,-1
a750311802665334873,-1
a739269371250502761,-1
a616290734292890301,-1
a18894145,-1
a24889615,-1
a32093515,-1
a552836837466430326,-1
a38255575,-1
a21182937,-1
a694427624771916446,-1
a47196201,-1
a13276227,-1
a52921752,-1
a624508295836821889,-1
a6545310,-1
a586244870263367585,-1
a530431,-1
a12325045,-1
a503460,-1
a1596404,-1
a4760107,-1
a52011015,-1
a1227528,-1
a785008017236267319,-1
a642004894846322446,-1
a33448577,-1
a21771486,-1
a24260464,-1
a37998221,-1
a2601464,-1
a158176,-1
a50748765,-1
a50540716,-1
a14726498,-1
a23901030,-1
a1313340,-1
a34501332,-1
a86215,-1
a749849947324016551,-1
a618025722415415262,-1
a18207319,-1
a10124372,-1
a640429959969609856,-1
a2291893,-1
a640577546507007342,-1
a7324746,-1
a34643695,-1
a36592512,-1
a36839655,-1
a529737934145319533,-1
a29256134,-1
a13107627,-1
a762443994341716856,-1
a10160215,-1
a21517530,-1
a34752945,-1
a757238763911666306,-1
a40488178,-1
a754241380054499246,-1
a38411561,-1
a4624521,-1
a33825472,-1
a766928076448468375,-1
a38820519,-1
a734807748268164207,-1
a35026161,-1
a764575349543735915,-1
a31602882,-1
a14169102,-1
a22280002,-1
a573161835837658241,-1
a53197204,-1
a675846462366874504,-1
a42817298,-1
a52553530,-1
a594914131275091113,-1
a41432416,-1
a33763207,-1
a35568665,-1
a54065345,-1
a10988682,-1
a661366250067210320,-1
a26301165,-1
a31379967,-1
a19179863,-1
a656542894328906322,-1
a54385958,-1
a19925397,-1
a11282208,-1
a51001957,-1
a16248277,-1
a3710162,-1
a46035379,-1
a47927657,-1
a13408222,-1
a54034713,-1
a695465,-1
a52779337,-1
a684917665207182279,-1
a605734646204848683,-1
a26487650,-1
a10155003,-1
a1056185,-1
a22435019,-1
a26026904,-1
a631097874868219629,-1
a17093180,-1
a33833257,-1
a53117856,-1
a40570292,-1
a13411367,-1
a24016962,-1
a12051116,-1
a658515,-1
a18358343,-1
a662614532690876611,-1
a696558738505882577,-1
a51844625,-1
a49749316,-1
a35385859,-1
a6504972,-1
a21860011,-1
a4047815,-1
a52363247,-1
a38747830,-1
a1844088,-1
a52516409,-1
a761028309457656583,-1
a51607034,-1
a649929352278591728,-1
a21161707,-1
a35430525,-1
a45656925,-1
a17561119,-1
a46669233,-1
a665062600290394224,-1
a51725265,-1
a44628136,-1
a7272680,-1
a43993168,-1
a13857291,-1
a20558461,-1
a46495387,-1
a24621401,-1
a19054163,-1
a666061682716722412,-1
a41395190,-1
a18984088,-1
a40119361,-1
a5052495,-1
a599159525192358987,-1
a544401457419857074,-1
a48030596,-1
a557389522503487021,-1
a1457505,-1
a28001559,-1
a25163519,-1
a578419829253234672,-1
a24331953,-1
a18753645,-1
a4545999,-1
a50181584,-1
a579540164696343933,-1
a46350355,-1
a773642788980888078,-1
a34868859,-1
a52886556,-1
a13754002,-1
a35497497,-1
a5411787,-1
a9940337,-1
a665404376363855660,-1
a40764862,-1
a53942876,-1
a36833047,-1
a49949849,-1
a760059151550035210,-1
a6795657,-1
a650969850624566810,-1
a53065241,-1
a610096512090723317,-1
a750938225856054796,-1
a50698997,-1
a51257815,-1
a654625640417543306,-1
a557486369436961003,-1
a19555750,-1
a52592514,-1
a30198386,-1
a23269735,-1
a37319489,-1
a46436269,-1
a41934934,-1
a6028165,-1
a27308432,-1
a3626426,-1
a12912510,-1
a641768,-1
a612894779190867344,-1
a224004,-1
a65615,-1
a36639320,-1
a23002312,-1
a48566707,-1
a28221653,-1
a678984843554686575,-1
a660980268359466194,-1
a33467176,-1
a11164714,-1
a608550974651560535,-1
a544281000899834286,-1
a929032,-1
a17209680,-1
a40626027,-1
a15827829,-1
a4403928,-1
a3421020,-1
a258740,-1
a37630778,-1
a10134285,-1
a551494862092193850,-1
a33427025,-1
a593673983667439558,-1
a29800110,-1
a22330756,-1
a5944801,-1
a51808192,-1
a14557504,-1
a9652438,-1
a634898625226634059,-1
a46689854,-1
a35540673,-1
a9349010,-1
a6571441,-1
a46361294,-1
a13477342,-1
a6300353,-1
a765315,-1
a21635015,-1
a665712013136617160,-1
a6333994,-1
a53941700,-1
a49072113,-1
a36454717,-1
a295998,-1
a32747955,-1
a13941973,-1
a28711792,-1
a29546132,-1
a819524803036877670,-1
a2707194,-1
a38817965,-1
a15204878,-1
a42780193,-1
a37684099,-1
a760251269720096205,-1
a585382126083893704,-1
a4440538,-1
a687146907337471811,-1
a12221970,-1
a7933773,-1
a27067725,-1
a99085,-1
a769809104482724238,-1
a21217451,-1
a569767297525301531,-1
a26474402,-1
a591883582403156068,-1
a35002311,-1
a49042509,-1
a29412276,-1
a28360016,-1
a39273168,-1
a21581457,-1
a611359475455476188,-1
a631297971412473276,-1
a26129308,-1
a7764285,-1
a29095217,-1
a52283717,-1
a11374453,-1
a40483741,-1
a54392606,-1
a513893490613844779,-1
a712271296660203021,-1
a36255541,-1
a680014376902761563,-1
a42360275,-1
a13913803,-1
a19246114,-1
a10943005,-1
a11993790,-1
a14143250,-1
a803638789099618733,-1
a53634502,-1
a32450788,-1
a27910595,-1
a774019289599674873,-1
a18522547,-1
a761688696499077760,-1
a25771285,-1
a641269555325432713,-1
a566145363547365174,-1
a39149013,-1
a48713339,-1
a17448930,-1
a21803103,-1
a747749795209484016,-1
a552887840846645368,-1
a53069607,-1
a5434654,-1
a32990282,-1
a14295885,-1
a12333456,-1
a741351653042481480,-1
a766196762860353526,-1
a33155909,-1
a51715205,-1
a43703359,-1
a3946018,-1
a43268369,-1
a28907,-1
a8518051,-1
a37178651,-1
a684636604364196606,-1
a4931807,-1
a3895930,-1
a17044854,-1
a705219499735202274,-1
a10032560,-1
a597288356012627205,-1
a18702075,-1
a660042195395876548,-1
a9150194,-1
a34391029,-1
a576779694848403067,-1
a27225784,-1
a22343909,-1
a41319343,-1
a774964827545681619,-1
a625395041557538907,-1
a31126424,-1
a5093352,-1
a25458048,-1
a8826833,-1
a612228203284776025,-1
a19983575,-1
a692027859282829341,-1
a20726517,-1
a27604639,-1
a690439691553339190,-1
a54281202,-1
a40586837,-1
a6542929,-1
a636645465431278802,-1
a812515079646741128,-1
a5536638,-1
a47848650,-1
a7508742,-1
a7620763,-1
a19211023,-1
a49420553,-1
a703475951001654724,-1
a34071700,-1
a24635095,-1
a23750601,-1
a618184915139767958,-1
a53122420,-1
a47286267,-1
a684036544832548938,-1
a20026998,-1
a13634292,-1
a704369158423712706,-1
a48232952,-1
a649701695006936118,-1
a52634243,-1
a552208563699318844,-1
a15728780,-1
a29259580,-1
a751043693260834112,-1
a26455688,-1
a756247883757588480,-1
a658812803187025421,-1
a730397424509623614,-1
a47920057,-1
a21245112,-1
a50889398,-1
a750102802312978945,-1
a53005830,-1
a726911215820092470,-1
a26749031,-1
a26669199,-1
a43222663,-1
a618390338527211211,-1
a586987891324165376,-1
a39747860,-1
a45075497,-1
a9884667,-1
a4694480,-1
a12693458,-1
a15956780,-1
a27018478,-1
a626327629962215199,-1
a35408266,-1
a18022636,-1
a4890335,-1
a3758686,-1
a3678990,-1
a19699039,-1
a25157795,-1
a650724811621888072,-1
a15083571,-1
a619529255377778179,-1
a662411295510300164,-1
a724584995884970103,-1
a13282284,-1
a43163186,-1
a15742916,-1
a44101621,-1
a16081134,-1
a48427492,-1
a576093855337848259,-1
a1260727,-1
a39242516,-1
a12990502,-1
a641966849143161975,-1
a707396,-1
a51040477,-1
a1304459,-1
a16662770,-1
a753687,-1
a34317590,-1
a46992594,-1
a18326156,-1
a23357738,-1
a19470370,-1
a619628446411089597,-1
a10812263,-1
a8339140,-1
a42535595,-1
a605035448454706797,-1
a42379175,-1
a49649853,-1
a12869930,-1
a602066419007693604,-1
a25781295,-1
a51119388,-1
a20574057,-1
a670146755140991237,-1
a48230852,-1
a41044235,-1
a17531292,-1
a5224210,-1
a52304392,-1
a51990443,-1
a764438145724830149,-1
a683226302696572362,-1
a41596532,-1
a13938420,-1
a24714137,-1
a643502797166407491,-1
a555891287257264531,-1
a47060698,-1
a15268654,-1
a51747397,-1
a44645950,-1
a746852890077275772,-1
a693451056866395915,-1
a31172584,-1
a22683699,-1
a784157624255283977,-1
a47968256,-1
a23769218,-1
a50228716,-1
a52553541,-1
a5562962,-1
a728324579254521292,-1
a35418825,-1
a15733832,-1
a28197084,-1
a52755593,-1
a819206,-1
a16309538,-1
a20914425,-1
a2908417,-1
a719132295331082716,-1
a51678669,-1
a46967616,-1
a39023600,-1
a40701124,-1
a47395232,-1
a16650612,-1
a22587295,-1
a50265921,-1
a29968478,-1
a10385262,-1
a10888320,-1
a28667823,-1
a46376967,-1
a52256640,-1
a53658866,-1
a53653438,-1
a7402597,-1
a44476787,-1
a44562723,-1
a6652353,-1
a39908466,-1
a52692420,-1
a53970207,-1
a50853546,-1
a1057022,-1
a18059239,-1
a52879829,-1
a23924234,-1
a25138975,-1
a52011762,-1
a39201679,-1
a45823183,-1
a7421930,-1
a52919939,-1
a54029520,-1
a43473890,-1
a23271535,-1
a7254986,-1
a722636849865704965,-1
a1975069,-1
a628078,-1
a52996659,-1
a39249334,-1
a9366256,-1
a21422090,-1
a12110383,-1
a29883990,-1
a14281111,-1
a21295951,-1
a13761271,-1
a660249422858976398,-1
a18076816,-1
a39370156,-1
a53709233,-1
a771763995300459480,-1
a40888693,-1
a50545664,-1
a53830757,-1
a50516286,-1
a53412410,-1
a41930976,-1
a589153518437003075,-1
a45990473,-1
a54104783,-1
a12245694,-1
a26137379,-1
a14182564,-1
a32674139,-1
a46407499,-1
a33974777,-1
a53815017,-1
a587031632403313389,-1
a34684755,-1
a785196595027289249,-1
a188674,-1
a36379292,-1
a39177041,-1
a50052108,-1
a21384768,-1
a46083002,-1
a32595900,-1
a681104872589644787,-1
a30200744,-1
a665194268205617883,-1
a16423080,-1
a686925131322367284,-1
a684748469651178414,-1
a708883217066615089,-1
a8399234,-1
a3930149,-1
a26520216,-1
a611765955558274591,-1
a537808541086146067,-1
a6719207,-1
a51933590,-1
a765948794133787266,-1
a24226175,-1
a2301258,-1
a1716640,-1
a1654623,-1
a681000791349602076,-1
a42336485,-1
a40264373,-1
a2182899,-1
a41536763,-1
a10013750,-1
a31434819,-1
a22100970,-1
a36273876,-1
a750040871764593118,-1
a22166055,-1
a677666479277771695,-1
a676081976188780543,-1
a42249744,-1
a702290502524384270,-1
a21110709,-1
a53229531,-1
a765329642427781114,-1
a50381056,-1
a46899085,-1
a546383,-1
a49293501,-1
a3924325,-1
a40624194,-1
a8793166,-1
a18870342,-1
a704087952964155316,-1
a3059273,-1
a764869627094606119,-1
a633798346178313548,-1
a51287089,-1
a5954466,-1
a51764135,-1
a3742373,-1
a53050810,-1
a788035,-1
a755012375012013865,-1
a24372429,-1
a1903198,-1
a1780748,-1
a35645330,-1
a702204107151905289,-1
a51860288,-1
a6559615,-1
a13291508,-1
a23727923,-1
a583454658107890434,-1
a1137587,-1
a8951083,-1
a37532987,-1
a783603959542380666,-1
a3818298,-1
a731961307975747909,-1
a1040156,-1
a53559096,-1
a9155212,-1
a52700622,-1
a42012197,-1
a562206340175274057,-1
a47515294,-1
a692217645174890864,-1
a18650087,-1
a564308644784550594,-1
a8554547,-1
a11069291,-1
a19227532,-1
a1918693,-1
a49509755,-1
a14297224,-1
a16954330,-1
a409262,-1
a2362306,-1
a23958542,-1
a698463402516494469,-1
a37260106,-1
a2250790,-1
a49256890,-1
a53574639,-1
a27029894,-1
a47977156,-1
a16122082,-1
a634867145735495157,-1
a755854437155644260,-1
a18358363,-1
a559369411073486415,-1
a25765042,-1
a53760220,-1
a628138206727405883,-1
a2995000,-1
a733583287721210136,-1
a888583,-1
a13235951,-1
a574002265413161409,-1
a6784207,-1
a582716071788987358,-1
a33937844,-1
a467569,-1
a35183293,-1
a208148,-1
a16224408,-1
a4666584,-1
a407469,-1
a44004162,-1
a3486103,-1
a674543882663688901,-1
a1727923,-1
a1396458,-1
a18911893,-1
a51340306,-1
a986727,-1
a752003698387926135,-1
a32618640,-1
a14155795,-1
a770384337778866459,-1
a49591825,-1
a9422573,-1
a29701773,-1
a700555391370196141,-1
a45992659,-1
a14131726,-1
a16513101,-1
a40943894,-1
a18689588,-1
a53046673,-1
a27203413,-1
a13494532,-1
a8250925,-1
a41123624,-1
a9383071,-1
a54304382,-1
a1782667,-1
a13653708,-1
a38818309,-1
a670797178397299587,-1
a7224086,-1
a4173751,-1
a35838716,-1
a43366401,-1
a11526590,-1
a21549554,-1
a34537321,-1
a49014923,-1
a747180564560108073,-1
a21850082,-1
a760702054662545451,-1
a747128578147440471,-1
a36456829,-1
a52593750,-1
a50775933,-1
a574840552659557134,-1
a39215776,-1
a10142499,-1
a53128872,-1
a546731384626241585,-1
a20202971,-1
a768383195913434699,-1
a1263964,-1
a52390610,-1
a759618126064467893,-1
a24758664,-1
a20881198,-1
a13657292,-1
a49669315,-1
a50288333,-1
a47961631,-1
a51321191,-1
a51443431,-1
a34907354,-1
a674751987930263076,-1
a1411811,-1
a563556569721920671,-1
a761835,-1
a9866039,-1
a52846685,-1
a53626770,-1
a623179824461824220,-1
a53649864,-1
a11377233,-1
a50002776,-1
a36117267,-1
a11372330,-1
a42495508,-1
a49690858,-1
a24057583,-1
a600861987233782144,-1
a53607959,-1
a46833665,-1
a51001407,-1
a22465327,-1
a610106937979134612,-1
a51907377,-1
a1440363,-1
a50974766,-1
a19163623,-1
a21230233,-1
a30264512,-1
a778090384272319826,-1
a649470625539259369,-1
a46265763,-1
a39821584,-1
a705856985422086426,-1
a8992894,-1
a63610,-1
a26232008,-1
a32940382,-1
a22336218,-1
a30046737,-1
a53187956,-1
a25813796,-1
a52583836,-1
a51358344,-1
a1617443,-1
a45609412,-1
a723158764530325635,-1
a567530053220761873,-1
a36441134,-1
a49158456,-1
a554324786483667107,-1
a53772655,-1
a22227015,-1
a647861996798929477,-1
a53214276,-1
a25571627,-1
a35120222,-1
a20919726,-1
a41749993,-1
a597624,-1
a3112284,-1
a34749200,-1
a37007695,-1
a31931371,-1
a624516987727538951,-1
a53091277,-1
a53558650,-1
a53375640,-1
a18225912,-1
a519453936157575198,-1
a49946887,-1
a715266215660233218,-1
a753027123313872378,-1
a17654611,-1
a18303895,-1
a29958350,-1
a29435698,-1
a37093925,-1
a30294639,-1
a6462513,-1
a38849102,-1
a1357021,-1
a18251681,-1
a52239335,-1
a555005271135605811,-1
a624197678735957167,-1
a49770554,-1
a787060,-1
a36601199,-1
a54066353,-1
a431865,-1
a658859205616485877,-1
a661201503010462641,-1
a32616393,-1
a36922223,-1
a3963635,-1
a30474972,-1
a42326675,-1
a7555283,-1
a21772083,-1
a3876850,-1
a4279260,-1
a6539778,-1
a50850599,-1
a24699045,-1
a34547230,-1
a23509707,-1
a52756284,-1
a125163,-1
a11375631,-1
a24042606,-1
a43728551,-1
a590128186036306232,-1
a53609661,-1
a693464754427748968,-1
a44249049,-1
a748116231663747061,-1
a607826326517043841,-1
a34649031,-1
a24287286,-1
a540413669896123400,-1
a51472557,-1
a53398934,-1
a686081419344249200,-1
a52553544,-1
a19459082,-1
a47203801,-1
a663098653530866398,-1
a36273046,-1
a702790823311061346,-1
a599595,-1
a21427176,-1
a15436836,-1
a755980030328948854,-1
a49951099,-1
a35114037,-1
a4532913,-1
a552754739023120654,-1
a706000708692803625,-1
a31513692,-1
a42965074,-1
a23233925,-1
a607328822575142192,-1
a14899111,-1
a11100490,-1
a51950055,-1
a5248975,-1
a8173609,-1
a6950074,-1
a25838887,-1
a50489279,-1
a17257339,-1
a729550251183704069,-1
a27758562,-1
a4377929,-1
a831063643941032636,-1
a538465,-1
a594977987499279648,-1
a22037715,-1
a10423846,-1
a17108395,-1
a29074233,-1
a578320977234277017,-1
a18209795,-1
a1392144,-1
a53891859,-1
a750941542611047167,-1
a257097,-1
a11968680,-1
a796648835707312296,-1
a694397221017434237,-1
a29776313,-1
a20474033,-1
a33431909,-1
a36237732,-1
a11840404,-1
a29800915,-1
a10369047,-1
a568049789197012466,-1
a14341397,-1
a17457491,-1
a50728003,-1
a10921244,-1
a549424262759720349,-1
a60164,-1
a51826933,-1
a6403795,-1
a33642152,-1
a50467092,-1
a4447904,-1
a18449954,-1
a53498801,-1
a19386162,-1
a45281615,-1
a13451379,-1
a3349699,-1
a11905096,-1
a12592427,-1
a46438870,-1
a49813829,-1
a45277024,-1
a17133664,-1
a46006806,-1
a43245957,-1
a52772214,-1
a298759,-1
a32858018,-1
a48421464,-1
a6676383,-1
a615432684761025204,-1
a19679564,-1
a669305594749936462,-1
a665834791120281618,-1
a18139095,-1
a20942873,-1
a52360862,-1
a11042240,-1
a49026901,-1
a40403927,-1
a19239928,-1
a12916903,-1
a20978898,-1
a38347351,-1
a26395296,-1
a758848341186428053,-1
a19871726,-1
a48243225,-1
a53594451,-1
a50196203,-1
a34411728,-1
a30158695,-1
a596445540342508243,-1
a714634017016547897,-1
a1910270,-1
a617499038697675576,-1
a695052478493927865,-1
a20014072,-1
a7381893,-1
a13997552,-1
a801474015810755017,-1
a709991095368915717,-1
a33829619,-1
a31823858,-1
a12985547,-1
a46543084,-1
a27429817,-1
a5414471,-1
a724108112790458125,-1
a14472272,-1
a29585551,-1
a16071397,-1
a52515771,-1
a32383114,-1
a772562128592320512,-1
a726060381203348900,-1
a17923261,-1
a682780263420260404,-1
a51510371,-1
a30681498,-1
a19653554,-1
a726809040518290559,-1
a2739793,-1
a7502146,-1
a52545450,-1
a34981661,-1
a14140552,-1
a1331960,-1
a16274061,-1
a37631107,-1
a13732215,-1
a701965569786432062,-1
a52027712,-1
a722463449063098611,-1
a9187379,-1
a25947689,-1
a51574894,-1
a53118209,-1
a6492185,-1
a647970673581521335,-1
a52188203,-1
a15421244,-1
a761689185301754299,-1
a10329264,-1
a26555992,-1
a623311353812146045,-1
a615118262419946816,-1
a8729960,-1
a34468721,-1
a39693755,-1
a2540173,-1
a38161114,-1
a20518193,-1
a27027838,-1
a47371738,-1
a48045370,-1
a775839857886921486,-1
a45314999,-1
a591969184938312703,-1
a42098504,-1
a10043483,-1
a35603512,-1
a45597289,-1
a30717527,-1
a39277490,-1
a15192362,-1
a19853102,-1
a52262415,-1
a729037854743751151,-1
a19342192,-1
a604424428489680946,-1
a10538353,-1
a9730784,-1
a21488608,-1
a557862618452685938,-1
a38522305,-1
a49690878,-1
a12192,-1
a716080033817131988,-1
a807256650194809357,-1
a35384734,-1
a9343313,-1
a642954875557338322,-1
a53625595,-1
a729042116549715220,-1
a217580,-1
a21366948,-1
a22503340,-1
a692759176797642090,-1
a52109105,-1
a12834648,-1
a656418876163642889,-1
a53387580,-1
a30476876,-1
a40263789,-1
a53427512,-1
a645693072833066916,-1
a8071687,-1
a9686167,-1
a29237692,-1
a17693,-1
a13905835,-1
a15928635,-1
a3250685,-1
a23728057,-1
a660991391508977613,-1
a572724411221978588,-1
a739844194023449879,-1
a50032602,-1
a652133397126883554,-1
a54013154,-1
a35545434,-1
a17793185,-1
a28757780,-1
a37019982,-1
a25456714,-1
a52737799,-1
a34844071,-1
a53904032,-1
a52177005,-1
a656592225916247557,-1
a14281526,-1
a644654034488684425,-1
a20796595,-1
a46690252,-1
a48170918,-1
a46070050,-1
a20479960,-1
a49668961,-1
a187566,-1
a720960625230990206,-1
a11939910,-1
a5756464,-1
a14161351,-1
a47223531,-1
a53909238,-1
a53982973,-1
a23593842,-1
a22363371,-1
a6700860,-1
a777626443434564690,-1
a53880003,-1
a53489130,-1
a47774203,-1
a43485988,-1
a25620379,-1
a25677687,-1
a1355468,-1
a548511865075106092,-1
a25134311,-1
a39898950,-1
a615629653666909751,-1
a54109936,-1
a45984289,-1
a30527994,-1
a759487057480824302,-1
a596511810816093452,-1
a648452537951315311,-1
a2017397,-1
a720547345038836814,-1
a4638086,-1
a39629775,-1
a52859084,-1
a40681398,-1
a6066563,-1
a14835670,-1
a610726487090130791,-1
a644202319559232710,-1
a1511303,-1
a21647076,-1
a718121881909731596,-1
a36236515,-1
a51930030,-1
a753012755916723057,-1
a669540391418426932,-1
a42160136,-1
a700993484769700656,-1
a17106644,-1
a8973075,-1
a324800,-1
a5871372,-1
a50933576,-1
a6093352,-1
a42761605,-1
a19472906,-1
a18611522,-1
a35452335,-1
a684385903931246760,-1
a52372345,-1
a41108306,-1
a732632079826475787,-1
a51636415,-1
a15847347,-1
a781804244104102364,-1
a54326428,-1
a744905740784598965,-1
a42058731,-1
a21851700,-1
a52553506,-1
a7599873,-1
a282977,-1
a34738463,-1
a744516984662773781,-1
a27517686,-1
a700819811164895055,-1
a13111578,-1
a49425597,-1
a35939805,-1
a705956442175168415,-1
a761089888351283999,-1
a1935302,-1
a11414971,-1
a53315072,-1
a47706983,-1
a1300950,-1
a7780335,-1
a8730247,-1
a15659634,-1
a804798702573138148,-1
a51745209,-1
a32701542,-1
a9809458,-1
a584903103239670051,-1
a549026772417423162,-1
a1370405,-1
a50510257,-1
a30511096,-1
a563737087590348053,-1
a30533385,-1
a51821804,-1
a30588468,-1
a35189990,-1
a57874,-1
a39029793,-1
a52949093,-1
a3953314,-1
a18922061,-1
a52345232,-1
a615904441638758447,-1
a39871722,-1
a547815403096269955,-1
a22151598,-1
a21472364,-1
a39872100,-1
a6921831,-1
a48851881,-1
a1652236,-1
a746374793474208449,-1
a51789106,-1
a588392587036466103,-1
a33589554,-1
a12041170,-1
a53840594,-1
a13822852,-1
a49377204,-1
a235960,-1
a740553600127364198,-1
a48142110,-1
a34368310,-1
a671932282320298266,-1
a22086968,-1
a37941349,-1
a8967396,-1
a7094262,-1
a41840320,-1
a26993244,-1
a41490532,-1
a20688524,-1
a52890680,-1
a16873148,-1
a10101097,-1
a808836,-1
a17321243,-1
a30003453,-1
a22485658,-1
a52378641,-1
a30326749,-1
a6994064,-1
a667532032936314042,-1
a3685704,-1
a51800476,-1
a15324045,-1
a9864137,-1
a45866168,-1
a37006114,-1
a25534630,-1
a18812153,-1
a22460669,-1
a18396197,-1
a30452520,-1
a593610772502426199,-1
a47730353,-1
a47078699,-1
a53361547,-1
a21089520,-1
a8536270,-1
a49197208,-1
a607381146485236995,-1
a9107772,-1
a46732441,-1
a12973819,-1
a550025901760590620,-1
a1467618,-1
a2677779,-1
a18505594,-1
a4623635,-1
a45277303,-1
a10611168,-1
a35466334,-1
a6796235,-1
a42020878,-1
a564552665997526321,-1
a37594699,-1
a40430111,-1
a456110,-1
a713781417956566292,-1
a53690249,-1
a613169372456144088,-1
a52877132,-1
a633287620224734220,-1
a16347171,-1
a46640630,-1
a550858,-1
a12965215,-1
a9007591,-1
a30588700,-1
a24985440,-1
a13730254,-1
a35536969,-1
a12966225,-1
a13614714,-1
a24677926,-1
a684110435226760983,-1
a37587444,-1
a7396662,-1
a46943882,-1
a37774311,-1
a35231370,-1
a668184500955261231,-1
a21732716,-1
a52490036,-1
a795600421725758974,-1
a47358818,-1
a39393260,-1
a51542093,-1
a16027606,-1
a47812937,-1
a8133707,-1
a18828846,-1
a36697133,-1
a17796480,-1
a14949914,-1
a677584001361640513,-1
a27610245,-1
a779276047474128361,-1
a13183826,-1
a50148960,-1
a41886368,-1
a692942325037007293,-1
a33691396,-1
a7694064,-1
a53067423,-1
a25781535,-1
a724490366454439566,-1
a52971091,-1
a22096182,-1
a6375124,-1
a112435,-1
a779912636728080994,-1
a10526335,-1
a45710149,-1
a703611278003902720,-1
a629892229908611040,-1
a21223569,-1
a10451489,-1
a789029499490692194,-1
a604274785806949333,-1
a769617807076211841,-1
a18024956,-1
a5593725,-1
a18792188,-1
a599251918553440746,-1
a33769956,-1
a690603,-1
a43432968,-1
a29776797,-1
a22019218,-1
a47493324,-1
a54212954,-1
a46881502,-1
a801721531713659638,-1
a737883198392637986,-1
a15008979,-1
a51232872,-1
a716815084687775983,-1
a47925069,-1
a50448458,-1
a11439224,-1
a727461612474858080,-1
a54400270,-1
a543641156240146494,-1
a15095005,-1
a16276294,-1
a17632840,-1
a54398202,-1
a603684274108083356,-1
a49767880,-1
a50959381,-1
a51162963,-1
a612178257211694119,-1
a49196376,-1
a726173901438378136,-1
a681380028722476177,-1
a47512919,-1
a51299063,-1
a10941762,-1
a2578731,-1
a38866268,-1
a613606685400763792,-1
a1717138,-1
a19275018,-1
a37250201,-1
a22205280,-1
a654429810861492069,-1
a54306824,-1
a26522949,-1
a24717132,-1
a52248301,-1
a45162346,-1
a51888724,-1
a23683924,-1
a19847087,-1
a34365364,-1
a26989176,-1
a662918883547539852,-1
a40085827,-1
a7265249,-1
a46623295,-1
a574755627577834625,-1
a716529389272431402,-1
a49444794,-1
a702716228156819945,-1
a46158284,-1
a51563164,-1
a13915004,-1
a28285795,-1
a42602038,-1
a12112190,-1
a253806,-1
a629728707925098234,-1
a30764476,-1
a28032779,-1
a46637225,-1
a41472347,-1
a12366762,-1
a547886357574054883,-1
a703364145075544434,-1
a4881420,-1
a608618639198821844,-1
a579764154480991074,-1
a23004107,-1
a9789350,-1
a699287688809132434,-1
a52644021,-1
a50430599,-1
a36765969,-1
a20811403,-1
a823520,-1
a50480632,-1
a731827331139561156,-1
a5965946,-1
a544867022494251692,-1
a38383048,-1
a28253864,-1
a725115492238831030,-1
a40576966,-1
a14316284,-1
a38799098,-1
a26235873,-1
a20216170,-1
a52842845,-1
a591128368308895536,-1
a1613110,-1
a49019237,-1
a51342538,-1
a25371837,-1
a10470258,-1
a54264262,-1
a49615424,-1
a33772218,-1
a10411679,-1
a20705026,-1
a649192796335835527,-1
a631152406663459330,-1
a19268922,-1
a6428913,-1
a595113016365798234,-1
a34088667,-1
a690789292617238611,-1
a48121515,-1
a37971873,-1
a48587320,-1
a15929281,-1
a40917921,-1
a18286926,-1
a515036044381761823,-1
a3970701,-1
a34976037,-1
a688562350583524330,-1
a31884696,-1
a28961919,-1
a49906500,-1
a41194774,-1
a34940646,-1
a25290572,-1
a49923953,-1
a16556049,-1
a52427312,-1
a51451157,-1
a1034347,-1
a5538720,-1
a784088,-1
a6972673,-1
a58062,-1
a699186695635910228,-1
a570218,-1
a49048,-1
a270345,-1
a51344320,-1
a52930425,-1
a47924038,-1
a30047371,-1
a50728845,-1
a19553306,-1
a141335,-1
a16407461,-1
a31384819,-1
a34871854,-1
a4644669,-1
a636027704467896179,-1
a47052392,-1
a595528055387349071,-1
a689393322388007135,-1
a47748585,-1
a9720768,-1
a14472671,-1
a645990231462317941,-1
a741730313598556488,-1
a32795950,-1
a25290969,-1
a38464396,-1
a20678724,-1
a39054797,-1
a992508,-1
a655119049254518736,-1
a591168265331519350,-1
a8504231,-1
a699805582950208430,-1
a689819573313925909,-1
a29705049,-1
a53002380,-1
a2310594,-1
a37885314,-1
a561695071089228250,-1
a6328394,-1
a43479666,-1
a51827299,-1
a29237220,-1
a649522948140887617,-1
a4644828,-1
a54331135,-1
a17304795,-1
a49174400,-1
a29683293,-1
a41274329,-1
a45505206,-1
a4472978,-1
a23485307,-1
a20772650,-1
a36383411,-1
a46381019,-1
a38135862,-1
a37891200,-1
a51387550,-1
a47337463,-1
a20708246,-1
a15253883,-1
a750034163183977433,-1
a574450189966949789,-1
a38723925,-1
a12233692,-1
a30154255,-1
a686903387440381982,-1
a20763209,-1
a456190,-1
a19133220,-1
a42878514,-1
a2557654,-1
a619381766727404134,-1
a14801700,-1
a563728723224510265,-1
a40529363,-1
a39903508,-1
a39334332,-1
a37957355,-1
a644996126447510028,-1
a29995668,-1
a29990120,-1
a15336596,-1
a26351621,-1
a16428383,-1
a41212093,-1
a31313806,-1
a29885196,-1
a21745569,-1
a578122210798845447,-1
a37300828,-1
a690537802369649949,-1
a777662577507681372,-1
a51903949,-1
a30998033,-1
a21815074,-1
a51897645,-1
a22665286,-1
a698893427097590418,-1
a700656334389279385,-1
a52554131,-1
a36533065,-1
a30590831,-1
a50026951,-1
a53889020,-1
a53106344,-1
a50681515,-1
a46566048,-1
a33611062,-1
a32865017,-1
a47596692,-1
a636242839030318825,-1
a52150127,-1
a725174632104784756,-1
a64314,-1
a5358354,-1
a17940029,-1
a10569037,-1
a21963428,-1
a5652542,-1
a51781289,-1
a3060297,-1
a49692782,-1
a771163111486178898,-1
a4033444,-1
a553472206682115107,-1
a619762115206375738,-1
a640550903674715854,-1
a14716155,-1
a13378609,-1
a23838400,-1
a25350875,-1
a46791082,-1
a41082801,-1
a624585985635107552,-1
a43197778,-1
a50672817,-1
a784155384180596269,-1
a671831802785282113,-1
a26160959,-1
a566119623093680636,-1
a2889377,-1
a9452887,-1
a552839358870025051,-1
a30567064,-1
a9945515,-1
a24575257,-1
a758178635570686092,-1
a49422561,-1
a6613106,-1
a20951141,-1
a48067391,-1
a3851911,-1
a658823690126144942,-1
a624070552799488632,-1
a668839122283259316,-1
a19317834,-1
a29572267,-1
a762015,-1
a610723490907727477,-1
a6737249,-1
a800057734199010939,-1
a577657240307522892,-1
a36593724,-1
a563168748198305241,-1
a1187643,-1
a956412,-1
a52443892,-1
a721000569241610344,-1
a16201959,-1
a1325432,-1
a649129686097497520,-1
a2786015,-1
a626826097456480429,-1
a40592120,-1
a45670010,-1
a20385260,-1
a48128688,-1
a52552861,-1
a50902552,-1
a566657891382493833,-1
a43986314,-1
a47866275,-1
a655061924755781969,-1
a52553457,-1
a20897776,-1
a49617564,-1
a642874449710966973,-1
a636899249866787920,-1
a39860690,-1
a37532614,-1
a50243778,-1
a49926529,-1
a50507294,-1
a16415769,-1
a33243396,-1
a52091007,-1
a635052437508177386,-1
a7643428,-1
a21477500,-1
a5774245,-1
a16083752,-1
a35996222,-1
a795747391976312348,-1
a432823,-1
a4293935,-1
a50132200,-1
a30756898,-1
a19200270,-1
a25814039,-1
a24633702,-1
a16172498,-1
a35081665,-1
a27570485,-1
a27237325,-1
a12904840,-1
a9630344,-1
a5940868,-1
a677544982875865994,-1
a33835992,-1
a31593613,-1
a27923577,-1
a12358120,-1
a45084700,-1
a770267032245306463,-1
a24757848,-1
a22031456,-1
a30557920,-1
a38978429,-1
a46360387,-1
a52566357,-1
a5872177,-1
a37366694,-1
a12656785,-1
a16085227,-1
a600691302977825865,-1
a57166,-1
a679119267864920124,-1
a51407096,-1
a433914,-1
a49439389,-1
a644340076385760174,-1
a53674236,-1
a51103264,-1
a53970914,-1
a33971170,-1
a46314128,-1
a26038936,-1
a7019195,-1
a29628380,-1
a311356,-1
a33526710,-1
a50960211,-1
a31218310,-1
a35650240,-1
a40873866,-1
a684342030838981455,-1
a29351570,-1
a36629467,-1
a660227166140470759,-1
a52774567,-1
a29942196,-1
a46751044,-1
a19691179,-1
a708808138924351782,-1
a688570952748911346,-1
a52995076,-1
a772683159414917117,-1
a53589745,-1
a29359092,-1
a53687650,-1
a32494107,-1
a45104165,-1
a6902855,-1
a664255702585134531,-1
a48137872,-1
a18913450,-1
a49652245,-1
a490278,-1
a30423106,-1
a1649957,-1
a8192789,-1
a20845108,-1
a40704515,-1
a807275444865070916,-1
a13605192,-1
a43956795,-1
a46310724,-1
a12964763,-1
a45219107,-1
a544898595323461319,-1
a54138988,-1
a669857128942326923,-1
a5979675,-1
a695413043209185096,-1
a45969642,-1
a50053083,-1
a715808967260815481,-1
a49083454,-1
a25443451,-1
a17539808,-1
a40093279,-1
a48587331,-1
a537802667956395844,-1
a53932860,-1
a30330519,-1
a51992365,-1
a36974600,-1
a53544686,-1
a10803759,-1
a5590966,-1
a5672615,-1
a51579354,-1
a5743959,-1
a7801169,-1
a42356174,-1
a41790722,-1
a49003714,-1
a51844533,-1
a9007767,-1
a31120563,-1
a37713423,-1
a14839995,-1
a16361439,-1
a755922865943989552,-1
a3394517,-1
a29996581,-1
a38880364,-1
a8518280,-1
a46797938,-1
a10035471,-1
a614463806792697297,-1
a21588023,-1
a50892818,-1
a1185525,-1
a22663674,-1
a21010072,-1
a705289808748930294,-1
a32228971,-1
a35706339,-1
a50200118,-1
a49771515,-1
a549817973304608445,-1
a52090012,-1
a32406935,-1
a723381199394914446,-1
a715415458591123275,-1
a52553425,-1
a587034845529468111,-1
a730022257273926246,-1
a49534489,-1
a40658053,-1
a51692043,-1
a52553150,-1
a25227326,-1
a51812025,-1
a2876032,-1
a54245109,-1
a10341262,-1
a39860856,-1
a7975360,-1
a48253767,-1
a31262833,-1
a23839337,-1
a7919094,-1
a4802648,-1
a51876734,-1
a1349187,-1
a39700849,-1
a35463986,-1
a15181459,-1
a705093546823502977,-1
a23901526,-1
a39517970,-1
a3145484,-1
a9167889,-1
a31883238,-1
a585807709287628698,-1
a18858192,-1
a8990988,-1
a654142667155717554,-1
a60181,-1
a40279289,-1
a19305374,-1
a9230523,-1
a13902725,-1
a605253940985202922,-1
a707736,-1
a707200387863742806,-1
a53110478,-1
a665314923670645241,-1
a29489893,-1
a635345960647488653,-1
a14913167,-1
a21694908,-1
a29281115,-1
a40198915,-1
a18361390,-1
a54006365,-1
a53784543,-1
a27540102,-1
a716518412795445502,-1
a51752325,-1
a31333074,-1
a705747716458965390,-1
a50578893,-1
a16534337,-1
a27600437,-1
a572530913771194520,-1
a52766417,-1
a589888989070702306,-1
a32854456,-1
a42277758,-1
a9895911,-1
a14807716,-1
a22249805,-1
a49716170,-1
a32857378,-1
a48505886,-1
a629684107080760738,-1
a37561740,-1
a3793161,-1
a17495862,-1
a42711037,-1
a15381675,-1
a44452548,-1
a28760070,-1
a26332468,-1
a703820082187392309,-1
a42380644,-1
a53971055,-1
a43315528,-1
a51868126,-1
a12560110,-1
a49426040,-1
a11186765,-1
a21404524,-1
a21199546,-1
a773420013659224815,-1
a9492750,-1
a660174448896885591,-1
a4349695,-1
a29982557,-1
a21354913,-1
a38547165,-1
a20047896,-1
a46039932,-1
a51632284,-1
a708093692542804141,-1
a19845373,-1
a17872922,-1
a24042844,-1
a36526767,-1
a48936325,-1
a744218587357229783,-1
a45733405,-1
a49173322,-1
a691684916095150541,-1
a5762947,-1
a31954104,-1
a1018529,-1
a634035515694587483,-1
a2520075,-1
a32035609,-1
a647827764669965037,-1
a11067934,-1
a27029402,-1
a24287062,-1
a35644555,-1
a19923377,-1
a2432545,-1
a25124293,-1
a49871065,-1
a12452110,-1
a27211525,-1
a22084321,-1
a5619149,-1
a15486009,-1
a21504818,-1
a53613856,-1
a722724523887446094,-1
a47754090,-1
a19099408,-1
a20788473,-1
a17500994,-1
a32681408,-1
a6590570,-1
a16439426,-1
a18914730,-1
a2997377,-1
a49027595,-1
a260672,-1
a15835247,-1
a2311031,-1
a27000837,-1
a609356519119494681,-1
a52921783,-1
a757092883227832532,-1
a26600090,-1
a235651,-1
a626853405523019927,-1
a781865,-1
a47142595,-1
a734749,-1
a43757883,-1
a666757974043019449,-1
a27107124,-1
a20523843,-1
a50380976,-1
a35066800,-1
a53607569,-1
a21309659,-1
a42745394,-1
a22344483,-1
a49296171,-1
a12344456,-1
a21634979,-1
a1156928,-1
a50654386,-1
a3489242,-1
a48767472,-1
a799417941550585031,-1
a4952989,-1
a29256358,-1
a27314650,-1
a51570734,-1
a9856995,-1
a43527094,-1
a5413565,-1
a50424036,-1
a750835631234831601,-1
a48257515,-1
a4822181,-1
a2806791,-1
a9148875,-1
a10174662,-1
a673036111561916930,-1
a52354036,-1
a710838110471340284,-1
a47078812,-1
a37956109,-1
a671197809028227677,-1
a35718438,-1
a51499702,-1
a29942321,-1
a36113110,-1
a10039579,-1
a53955053,-1
a686952753545648902,-1
a35374230,-1
a51184002,-1
a31231904,-1
a28715589,-1
a25626152,-1
a26654670,-1
a15531352,-1
a572731970554887993,-1
a27827110,-1
a765979123789173874,-1
a6044964,-1
a5028135,-1
a41243629,-1
a691821298789598763,-1
a581180,-1
a45750107,-1
a10280345,-1
a29516095,-1
a623298171228071427,-1
a20583325,-1
a40670872,-1
a30398938,-1
a21076625,-1
a19595195,-1
a11589391,-1
a766518826424510708,-1
a46601386,-1
a4808505,-1
a281851,-1
a3677436,-1
a729756742193014727,-1
a15845669,-1
a562396670189627307,-1
a19911921,-1
a41583204,-1
a24821651,-1
a1973889,-1
a1479283,-1
a720788233766408840,-1
a2089226,-1
a6576336,-1
a37294217,-1
a4976848,-1
a16766700,-1
a49268785,-1
a45897458,-1
a52843478,-1
a13085694,-1
a9902123,-1
a11753760,-1
a36315795,-1
a48587333,-1
a38359468,-1
a25205044,-1
a52721150,-1
a4813832,-1
a40407291,-1
a10696502,-1
a292800,-1
a599913472070034715,-1
a26038825,-1
a707921629504533867,-1
a36181000,-1
a1656539,-1
a50156236,-1
a53809302,-1
a578267,-1
a47250831,-1
a53869573,-1
a18683699,-1
a1621235,-1
a13795744,-1
a40277371,-1
a564779036975389184,-1
a43410866,-1
a2465259,-1
a648591321740101421,-1
a23131496,-1
a27088254,-1
a43576862,-1
a28896148,-1
a2764516,-1
a34545971,-1
a7240997,-1
a13361613,-1
a23129919,-1
a49901356,-1
a4901269,-1
a48255376,-1
a50247406,-1
a624652602355764943,-1
a7483910,-1
a1045897,-1
a5693879,-1
a45957861,-1
a21364301,-1
a536337717555441444,-1
a590493898611831944,-1
a657104610281818251,-1
a614303556969092844,-1
a52555884,-1
a32190629,-1
a3627326,-1
a49946551,-1
a4037522,-1
a49320836,-1
a661350056879699159,-1
a3220115,-1
a51552689,-1
a3311834,-1
a29712675,-1
a33155194,-1
a25354678,-1
a6052119,-1
a13894813,-1
a43485997,-1
a38092217,-1
a42133129,-1
a52408696,-1
a22491853,-1
a41404723,-1
a49124976,-1
a53589097,-1
a21175036,-1
a846457,-1
a29440262,-1
a40152377,-1
a638404496657149559,-1
a23905542,-1
a562418047487826132,-1
a732705414760646738,-1
a35043094,-1
a639943977146307117,-1
a21369060,-1
a44247459,-1
a49214699,-1
a53383843,-1
a747173498045485008,-1
a776674655586795297,-1
a45673803,-1
a781559411633213365,-1
a16175740,-1
a12815139,-1
a74680,-1
a725509,-1
a21283357,-1
a51905169,-1
a597272912883179327,-1
a1646432,-1
a31183826,-1
a750075220445124844,-1
a50351396,-1
a14982907,-1
a23595013,-1
a6799932,-1
a42310158,-1
a22173625,-1
a542677269372360032,-1
a49141926,-1
a44195061,-1
a23166556,-1
a18753406,-1
a53330115,-1
a53464751,-1
a2134697,-1
a32612167,-1
a32317602,-1
a721944394814891250,-1
a14691805,-1
a45767156,-1
a53281228,-1
a713891,-1
a14445183,-1
a20552544,-1
a786685,-1
a641254567287395624,-1
a75635,-1
a760377148896746634,-1
a6520350,-1
a717598117916320021,-1
a5773199,-1
a48848322,-1
a29993012,-1
a21589780,-1
a37316929,-1
a29356679,-1
a144148,-1
a36002802,-1
a34397646,-1
a25484515,-1
a895386,-1
a12252993,-1
a509021288759072717,-1
a50728514,-1
a41665066,-1
a52154854,-1
a16182780,-1
a49046091,-1
a51639443,-1
a18686390,-1
a36148243,-1
a5058359,-1
a9597031,-1
a29181179,-1
a726904005587057691,-1
a663680530591259987,-1
a674453320258242975,-1
a25042316,-1
a47486935,-1
a49946146,-1
a32241239,-1
a711802315915871443,-1
a10243039,-1
a568715568448775342,-1
a607696246279491997,-1
a646982191237619856,-1
a48654449,-1
a42735065,-1
a51403200,-1
a48637911,-1
a9607482,-1
a19487781,-1
a4660022,-1
a17568601,-1
a9576812,-1
a633975838388452496,-1
a46562291,-1
a18486868,-1
a195989,-1
a663770714305992349,-1
a24154729,-1
a29158689,-1
a46913873,-1
a38815987,-1
a53234415,-1
a22409448,-1
a546489197632602270,-1
a52664308,-1
a19806972,-1
a35545194,-1
a20213973,-1
a52852431,-1
a7643399,-1
a45143238,-1
a40073454,-1
a29149612,-1
a171562,-1
a52320898,-1
a590867593540921014,-1
a11788559,-1
a30291283,-1
a19784119,-1
a38428985,-1
a746687538509448090,-1
a51065330,-1
a552798012536553490,-1
a588292144145889879,-1
a28600360,-1
a1776732,-1
a9116734,-1
a39175221,-1
a37528370,-1
a740435664013748633,-1
a951365,-1
a50918002,-1
a47474703,-1
a26278372,-1
a15262831,-1
a545586,-1
a52659103,-1
a28151027,-1
a7760406,-1
a5804451,-1
a680484863680480626,-1
a11373754,-1
a6871251,-1
a14139553,-1
a25425106,-1
a34670672,-1
a5602369,-1
a2940007,-1
a3469171,-1
a44711827,-1
a597013333352448220,-1
a30675435,-1
a53174411,-1
a8924504,-1
a51046606,-1
a6326410,-1
a620426481957380411,-1
a15468038,-1
a492810,-1
a691373277862293232,-1
a4081800,-1
a37724126,-1
a12932670,-1
a3279671,-1
a24992558,-1
a38866397,-1
a15985264,-1
a24599452,-1
a44035120,-1
a28125509,-1
a748575840051113649,-1
a13169559,-1
a9356909,-1
a27585318,-1
a31153254,-1
a40915227,-1
a40028728,-1
a16463655,-1
a603547987619834273,-1
a722413827056649186,-1
a17367187,-1
a744809550644312685,-1
a40405567,-1
a22863062,-1
a33787438,-1
a1936633,-1
a53623920,-1
a24229203,-1
a3447238,-1
a20876208,-1
a51849879,-1
a584327264353549742,-1
a31507738,-1
a8942467,-1
a32566536,-1
a378460,-1
a13940091,-1
a49946056,-1
a28567040,-1
a53797767,-1
a15604993,-1
a8343222,-1
a554232680177723627,-1
a12433898,-1
a53410940,-1
a7615409,-1
a23651443,-1
a52570418,-1
a6770160,-1
a31626662,-1
a31490659,-1
a13998679,-1
a50026612,-1
a36631070,-1
a40559773,-1
a42245107,-1
a20271739,-1
a43381880,-1
a45622205,-1
a53470,-1
a17682843,-1
a29609668,-1
a8411164,-1
a630606368063091272,-1
a43895124,-1
a53050522,-1
a791547385152000202,-1
a15436871,-1
a14685276,-1
a9313942,-1
a646982884326196199,-1
a4467771,-1
a14918404,-1
a51100458,-1
a5579240,-1
a23372015,-1
a39723961,-1
a25475944,-1
a818459713112178154,-1
a622489282988515186,-1
a35843964,-1
a564546597596686694,-1
a36907176,-1
a40777849,-1
a46734542,-1
a984721,-1
a39025632,-1
a49348879,-1
a33529806,-1
a649952179707636731,-1
a18124558,-1
a29828445,-1
a4751686,-1
a52947919,-1
a11228502,-1
a50443776,-1
a47887785,-1
a664497748383780160,-1
a49275777,-1
a6594861,-1
a610225758718705036,-1
a18596546,-1
a39020452,-1
a49980221,-1
a19032635,-1
a6252815,-1
a23021271,-1
a20786225,-1
a37140882,-1
a42073902,-1
a23360409,-1
a27426767,-1
a718973260884648521,-1
a31090222,-1
a13217609,-1
a53739963,-1
a24757985,-1
a248966,-1
a45353408,-1
a46942439,-1
a53091427,-1
a53480206,-1
a1290336,-1
a944049,-1
a703818189575814217,-1
a800139122194190876,-1
a46528510,-1
a208889,-1
a6747685,-1
a1245977,-1
a30229561,-1
a26756446,-1
a20926888,-1
a53470771,-1
a42198552,-1
a736479219797807190,-1
a54186567,-1
a716661338222236763,-1
a660074215293210918,-1
a24990534,-1
a8914109,-1
a52654519,-1
a5287733,-1
a2107883,-1
a5649580,-1
a12497438,-1
a50266054,-1
a767286,-1
a9050105,-1
a37094830,-1
a657834772027735978,-1
a47542082,-1
a30082832,-1
a29897911,-1
a7205064,-1
a53128684,-1
a28298437,-1
a44680519,-1
a19407992,-1
a49171376,-1
a4815028,-1
a40903966,-1
a49207819,-1
a6660518,-1
a776415608769618628,-1
a687100275535406482,-1
a37944508,-1
a34863999,-1
a21946776,-1
a46966951,-1
a13407328,-1
a6185599,-1
a669508680185397039,-1
a563002559726624003,-1
a21640455,-1
a21205622,-1
a20801388,-1
a93313,-1
a24453838,-1
a49613832,-1
a2080861,-1
a599758795862252419,-1
a17268091,-1
a49635294,-1
a17607132,-1
a48621914,-1
a14055238,-1
a1016004,-1
a52897793,-1
a3694498,-1
a46420715,-1
a46985902,-1
a53903785,-1
a4394687,-1
a47073835,-1
a45718510,-1
a24913510,-1
a626368815819350675,-1
a49835791,-1
a2700296,-1
a3637029,-1
a754500071944619277,-1
a21771881,-1
a42300,-1
a818084,-1
a699851019155212908,-1
a35430378,-1
a10928250,-1
a633168575271694958,-1
a3056451,-1
a37808381,-1
a35808578,-1
a8173001,-1
a15984984,-1
a26835960,-1
a8286139,-1
a3884105,-1
a49172890,-1
a1132201,-1
a7556669,-1
a28369552,-1
a37348900,-1
a615409646743320726,-1
a19193758,-1
a685262562035321743,-1
a3963137,-1
a54304193,-1
a653607125944399593,-1
a19345240,-1
a28538516,-1
a25356602,-1
a22531866,-1
a11091309,-1
a50070650,-1
a636249406490154947,-1
a815465,-1
a39894957,-1
a42680068,-1
a45649223,-1
a30511301,-1
a41749353,-1
a24736896,-1
a13514940,-1
a755149838965382382,-1
a39628066,-1
a13392858,-1
a33559960,-1
a6101104,-1
a50751519,-1
a23437793,-1
a31044749,-1
a25319136,-1
a51065454,-1
a37674994,-1
a623384899962966853,-1
a14417576,-1
a52351256,-1
a8990116,-1
a17652158,-1
a606406716787933298,-1
a19983748,-1
a15133721,-1
a807313623459905798,-1
a8054285,-1
a689892790771456013,-1
a665484872133183896,-1
a724689127246049942,-1
a6092625,-1
a4978241,-1
a6553874,-1
a50882086,-1
a39717041,-1
a49388478,-1
a593322347340602809,-1
a22231453,-1
a39704,-1
a38816761,-1
a3278530,-1
a2208545,-1
a49681209,-1
a771089342334029985,-1
a697005314648327918,-1
a231154,-1
a24122836,-1
a642755693102173459,-1
a2010787,-1
a4614838,-1
a42274866,-1
a2659732,-1
a42738424,-1
a39627703,-1
a16297779,-1
a10553095,-1
a742219171308955929,-1
a555713859294258119,-1
a24959305,-1
a577528145632005017,-1
a52792081,-1
a711440314447366834,-1
a39836117,-1
a53909434,-1
a5969719,-1
a7222833,-1
a29592768,-1
a753991,-1
a655144931255799849,-1
a628846677582195498,-1
a6656567,-1
a927408,-1
a43255573,-1
a53843545,-1
a747941117976736426,-1
a744269650261564581,-1
a766116802508903258,-1
a12272850,-1
a53126073,-1
a698222266968390143,-1
a676061584743446743,-1
a43669374,-1
a2939670,-1
a23728069,-1
a27903031,-1
a25293702,-1
a52639158,-1
a696879072148932389,-1
a22588755,-1
a664663042420665528,-1
a580306395586981112,-1
a13490410,-1
a2730497,-1
a52168422,-1
a35175500,-1
a661108005096488847,-1
a2303583,-1
a775588782487014184,-1
a7461611,-1
a23055816,-1
a3052426,-1
a714860854807281675,-1
a50403442,-1
a6718257,-1
a40092387,-1
a1009883,-1
a699497615606221363,-1
a47369896,-1
a20138243,-1
a36239871,-1
a8704528,-1
a9349221,-1
a624059578503166374,-1
a36241782,-1
a42274209,-1
a665951861828703607,-1
a294242,-1
a36095401,-1
a51125967,-1
a47954811,-1
a658760978030704860,-1
a601410914087072537,-1
a686057816015325586,-1
a669434958503706800,-1
a30514043,-1
a9390729,-1
a18587083,-1
a12403252,-1
a13467270,-1
a644041742143067991,-1
a21327397,-1
a53077465,-1
a33190224,-1
a28779353,-1
a51752865,-1
a32327466,-1
a28699887,-1
a195123,-1
a10924304,-1
a680563059050396133,-1
a29153170,-1
a30700892,-1
a42532821,-1
a34745490,-1
a575495157671152557,-1
a5557135,-1
a24992683,-1
a48137711,-1
a14429957,-1
a643478753128785623,-1
a40322951,-1
a49873851,-1
a697605522240998847,-1
a19891590,-1
a690934,-1
a39921961,-1
a27835546,-1
a6654202,-1
a4815953,-1
a14926631,-1
a11083362,-1
a39003408,-1
a27620424,-1
a618916,-1
a30822815,-1
a597938230465576741,-1
a35233962,-1
a564254781588210297,-1
a1117516,-1
a2098030,-1
a37907872,-1
a598488193327054398,-1
a24700919,-1
a7311209,-1
a26635476,-1
a53751580,-1
a51664813,-1
a51312764,-1
a683570889203258754,-1
a36239812,-1
a49013592,-1
a26812606,-1
a31595244,-1
a17418006,-1
a44320456,-1
a708850008309069837,-1
a54300407,-1
a679702021882633653,-1
a725968285614137008,-1
a36844943,-1
a25834338,-1
a6729589,-1
a32297005,-1
a27923071,-1
a22213450,-1
a41598391,-1
a21789193,-1
a20587378,-1
a642882282666809517,-1
a50643599,-1
a53726389,-1
a11162285,-1
a610165190043889924,-1
a9863045,-1
a42521278,-1
a50416941,-1
a20164634,-1
a25997748,-1
a13031854,-1
a52755449,-1
a26991755,-1
a21934873,-1
a39651899,-1
a34782691,-1
a52701917,-1
a46025711,-1
a31561372,-1
a8530517,-1
a15802947,-1
a744310158676013654,-1
a45268539,-1
a9919728,-1
a762426,-1
a54004426,-1
a51945222,-1
a740041927655900637,-1
a15453985,-1
a687857859558042268,-1
a674461512861324116,-1
a718761,-1
a14883818,-1
a52703852,-1
a29802895,-1
a14868857,-1
a46146114,-1
a14665418,-1
a53862381,-1
a53386110,-1
a685414119498991413,-1
a21566909,-1
a51989137,-1
a34841457,-1
a15003711,-1
a49051881,-1
a37942657,-1
a53719446,-1
a52535027,-1
a25048250,-1
a2702351,-1
a47907266,-1
a902482,-1
a8532358,-1
a14214315,-1
a555000181812450470,-1
a4351563,-1
a613119163378119893,-1
a677408866265433530,-1
a10676959,-1
a47267003,-1
a8830825,-1
a10407271,-1
a25669472,-1
a38282162,-1
a782063,-1
a8054523,-1
a7436186,-1
a51083869,-1
a8055859,-1
a746373585663654569,-1
a565177389638327305,-1
a40745955,-1
a6089007,-1
a20832768,-1
a49425803,-1
a13613111,-1
a37020421,-1
a563064752119964291,-1
a6124097,-1
a24352967,-1
a40372199,-1
a668658891097158051,-1
a35601334,-1
a43510030,-1
a16812429,-1
a18076911,-1
a659524468137662241,-1
a940115,-1
a49126789,-1
a663185874925783688,-1
a1944155,-1
a2385779,-1
a50750722,-1
a3245000,-1
a34152598,-1
a5640394,-1
a760926154938891092,-1
a16630594,-1
a51990190,-1
a47396746,-1
a34370526,-1
a443646,-1
a48047186,-1
a21913859,-1
a53539405,-1
a30425770,-1
a741304412879165092,-1
a21364473,-1
a30769129,-1
a13961209,-1
a14952649,-1
a5439372,-1
a20612742,-1
a53199638,-1
a688475381592613781,-1
a39414688,-1
a682741411593558158,-1
a52825041,-1
a6900168,-1
a713887579409918042,-1
a46039534,-1
a2735650,-1
a19831458,-1
a39752892,-1
a582594668055692053,-1
a705305922266862780,-1
a43054040,-1
a11011567,-1
a29855428,-1
a53292314,-1
a21583199,-1
a39750172,-1
a606269,-1
a12133132,-1
a46544275,-1
a19049402,-1
a47443155,-1
a611470894386067928,-1
a546449752130660380,-1
a20561751,-1
a7023818,-1
a630921135487536795,-1
a49025291,-1
a565112303079121006,-1
a21248835,-1
a45827027,-1
a53494944,-1
a48622261,-1
a44699042,-1
a43197566,-1
a51927974,-1
a9420768,-1
a4181102,-1
a13669064,-1
a35584546,-1
a19696674,-1
a28682647,-1
a49969511,-1
a709179678968839178,-1
a590714165817961123,-1
a51664798,-1
a45658557,-1
a53456452,-1
a39524646,-1
a12867918,-1
a48941935,-1
a690695519520175523,-1
a40701936,-1
a22793472,-1
a7937553,-1
a13769545,-1
a768688494578057457,-1
a44568130,-1
a789257436611194430,-1
a53335766,-1
a53180695,-1
a625153363281072354,-1
a47884246,-1
a32805276,-1
a549362079534421010,-1
a39775445,-1
a53031638,-1
a702162555115900090,-1
a9839017,-1
a23656206,-1
a44435099,-1
a37894889,-1
a711747312649410215,-1
a670870838934272298,-1
a5580648,-1
a2773754,-1
a28462811,-1
a22187361,-1
a8194369,-1
a28046416,-1
a17810201,-1
a48848891,-1
a7264659,-1
a561535863010951753,-1
a41247450,-1
a48758785,-1
a4576821,-1
a51226268,-1
a29393371,-1
a33873570,-1
a644828159829814355,-1
a742633464477257100,-1
a697829464060497245,-1
a37939102,-1
a21746100,-1
a31353678,-1
a9794364,-1
a22609277,-1
a620271930498260272,-1
a29205817,-1
a30912539,-1
a3529888,-1
a11677489,-1
a661404047684581697,-1
a3611620,-1
a716297192374117323,-1
a723326004107290023,-1
a53875003,-1
a11020169,-1
a39633917,-1
a599329868068356438,-1
a9562515,-1
a35614233,-1
a645172140026199388,-1
a115535,-1
a703724819280743573,-1
a556482890598057607,-1
a38846563,-1
a50831853,-1
a643480894766880296,-1
a28835678,-1
a40178248,-1
a4037379,-1
a25996892,-1
a27085643,-1
a4530432,-1
a9426526,-1
a22653782,-1
a776314679158645978,-1
a9241147,-1
a741304743431862990,-1
a2135754,-1
a54083128,-1
a3367150,-1
a8985316,-1
a51510216,-1
a25719557,-1
a48601046,-1
a4604991,-1
a12846584,-1
a658613277456312861,-1
a27875757,-1
a684533628871857518,-1
a645066999703067236,-1
a19949138,-1
a54038661,-1
a52284361,-1
a20998265,-1
a3905802,-1
a47001322,-1
a7837816,-1
a53357737,-1
a50434405,-1
a13006008,-1
a2261018,-1
a37006731,-1
a31336245,-1
a37247512,-1
a34895585,-1
a597976937108992113,-1
a37884849,-1
a708918802187494681,-1
a744278325880141330,-1
a53794913,-1
a739102018118420916,-1
a1490223,-1
a52101440,-1
a198028,-1
a11503509,-1
a32222756,-1
a51592063,-1
a46749740,-1
a53198670,-1
a15992078,-1
a11650863,-1
a700855290806384555,-1
a52884956,-1
a29835041,-1
a565338334537326418,-1
a20819020,-1
a37629036,-1
a16300644,-1
a7756015,-1
a710165384487980305,-1
a50488088,-1
a34508183,-1
a39466783,-1
a39781222,-1
a7823495,-1
a27603561,-1
a31220645,-1
a29686857,-1
a1893225,-1
a49793941,-1
a24996332,-1
a7801,-1
a36946192,-1
a744846781531655840,-1
a50699494,-1
a23772767,-1
a690404245663296889,-1
a25909161,-1
a626767327976025919,-1
a687247498840590058,-1
a52304111,-1
a20859561,-1
a736313238393733602,-1
a2863408,-1
a29963575,-1
a19888622,-1
a738595306283648038,-1
a33798189,-1
a16973662,-1
a46544321,-1
a50214689,-1
a598928506031816181,-1
a1665498,-1
a5404201,-1
a11065884,-1
a16204899,-1
a4457556,-1
a3962389,-1
a49416907,-1
a43777496,-1
a30417877,-1
a679058537439777820,-1
a30231026,-1
a14284714,-1
a49591019,-1
a20587133,-1
a588282895511481696,-1
a18535402,-1
a20941086,-1
a46992656,-1
a749125301229743595,-1
a9664497,-1
a35603341,-1
a724798950643635174,-1
a3485449,-1
a53415368,-1
a17329090,-1
a12074139,-1
a1820858,-1
a21802923,-1
a54144455,-1
a2565087,-1
a6833049,-1
a13808,-1
a53242466,-1
a628087524194168682,-1
a253811,-1
a53706813,-1
a48054910,-1
a4365276,-1
a701650648289698438,-1
a43774160,-1
a42655702,-1
a19582754,-1
a52839284,-1
a28450441,-1
a704306123732863995,-1
a545651,-1
a39507856,-1
a46154060,-1
a677844102999421160,-1
a30091911,-1
a38971745,-1
a662322989507205700,-1
a51198851,-1
a51409151,-1
a15942573,-1
a724586753280161424,-1
a560078,-1
a19569481,-1
a20231480,-1
a25868383,-1
a28901091,-1
a12353119,-1
a49113515,-1
a29906282,-1
a49920683,-1
a35315368,-1
a1087215,-1
a21785354,-1
a34072164,-1
a39526281,-1
a5304431,-1
a50749345,-1
a50490369,-1
a6239643,-1
a51024266,-1
a53547024,-1
a48688988,-1
a52858606,-1
a16620235,-1
a21474497,-1
a49124930,-1
a6938827,-1
a728904594194761284,-1
a20761266,-1
a52616063,-1
a38216335,-1
a622546873293219228,-1
a45301291,-1
a15597600,-1
a35633408,-1
a43524640,-1
a9544242,-1
a660655508278812172,-1
a723779688599177145,-1
a40971681,-1
a33856310,-1
a681599,-1
a617987170434980754,-1
a52886539,-1
a761021487869061436,-1
a53314978,-1
a52053898,-1
a781968768297440066,-1
a32064705,-1
a50027063,-1
a18270838,-1
a4530160,-1
a37816237,-1
a53701060,-1
a48133576,-1
a20816032,-1
a52551302,-1
a53843342,-1
a7072541,-1
a24162261,-1
a28611271,-1
a4668252,-1
a726616333794995114,-1
a53722605,-1
a702987964460749377,-1
a840594,-1
a3851263,-1
a48981222,-1
a31340666,-1
a364785,-1
a813795637398811802,-1
a1864061,-1
a578810366032359927,-1
a21501622,-1
a657962221012628823,-1
a5998890,-1
a28406990,-1
a53950291,-1
a658982022069901918,-1
a8135144,-1
a18359018,-1
a6055980,-1
a53722728,-1
a33315368,-1
a5520934,-1
a43284426,-1
a51876246,-1
a38725189,-1
a50416222,-1
a7843604,-1
a36603015,-1
a50309369,-1
a2178294,-1
a51550928,-1
a31129115,-1
a35539920,-1
a15940328,-1
a30307336,-1
a531091,-1
a35545525,-1
a42724728,-1
a1323801,-1
a40666703,-1
a17759694,-1
a12132427,-1
a37914398,-1
a9976264,-1
a54264164,-1
a49024100,-1
a27987152,-1
a46357127,-1
a3322922,-1
a44059834,-1
a6717053,-1
a19330704,-1
a40725405,-1
a726999739160593984,-1
a20048909,-1
a53709387,-1
a33560762,-1
a53340147,-1
a22321716,-1
a54331052,-1
a21851228,-1
a20886432,-1
a10073940,-1
a7987209,-1
a1728591,-1
a53417067,-1
a44416142,-1
a21700378,-1
a53442786,-1
a3605756,-1
a38019033,-1
a29013,-1
a53648186,-1
a42935766,-1
a8416681,-1
a973128,-1
a3785438,-1
a12471447,-1
a11340694,-1
a53759746,-1
a17771762,-1
a46528704,-1
a39189831,-1
a2977232,-1
a51248654,-1
a19387438,-1
a715235494695891649,-1
a46923243,-1
a4860430,-1
a658768047545801274,-1
a565945254549598881,-1
a27581016,-1
a30038208,-1
a599991388795660334,-1
a646023794839467213,-1
a51411625,-1
a685589681547045636,-1
a53849991,-1
a21723666,-1
a5117177,-1
a14447619,-1
a28121595,-1
a40339270,-1
a2637533,-1
a29008767,-1
a697162273018281181,-1
a870119,-1
a51266608,-1
a2940163,-1
a52442468,-1
a35078721,-1
a52508237,-1
a673213798306719028,-1
a742045802476249271,-1
a3782925,-1
a6722799,-1
a33248625,-1
a4661135,-1
a21192158,-1
a31856192,-1
a13603093,-1
a15841513,-1
a48024678,-1
a23135,-1
a49386840,-1
a843003,-1
a696321774480665399,-1
a768192956185065976,-1
a21664702,-1
a592231928282119554,-1
a51712949,-1
a620385164597679213,-1
a7602426,-1
a31457396,-1
a22226334,-1
a14215652,-1
a23045873,-1
a668853333634332283,-1
a21434692,-1
a25134894,-1
a9436038,-1
a681805,-1
a52553547,-1
a3073195,-1
a45618731,-1
a30279712,-1
a601597656028049750,-1
a36141106,-1
a684825400861431115,-1
a34477538,-1
a34748366,-1
a4727731,-1
a2551532,-1
a2015800,-1
a28494807,-1
a15858694,-1
a2461439,-1
a4643295,-1
a25943177,-1
a47754190,-1
a29700761,-1
a51282606,-1
a18543045,-1
a43311287,-1
a30526468,-1
a42643177,-1
a34774305,-1
a4742068,-1
a575662739710922304,-1
a53326575,-1
a711618013443325651,-1
a665880453779233005,-1
a599780130229041931,-1
a750770544771945702,-1
a29119411,-1
a16634459,-1
a17210984,-1
a588562529196152934,-1
a683599355993483160,-1
a591918616656299336,-1
a38936287,-1
a53058987,-1
a47773433,-1
a52353916,-1
a26632496,-1
a8240016,-1
a4679967,-1
a677443702906589528,-1
a772767421017560337,-1
a13018248,-1
a29034966,-1
a18489366,-1
a30069021,-1
a539106902077435414,-1
a52444000,-1
a17899730,-1
a554210007551678059,-1
a734082685654794025,-1
a26596388,-1
a14760402,-1
a32336400,-1
a47944133,-1
a31676440,-1
a8269681,-1
a764649300374679192,-1
a25887913,-1
a46194587,-1
a613821289238316337,-1
a656179615851780913,-1
a17508940,-1
a726007831777476600,-1
a13640966,-1
a23093320,-1
a53688207,-1
a49149598,-1
a16916708,-1
a48081208,-1
a3600496,-1
a53268748,-1
a39199781,-1
a13885829,-1
a51310410,-1
a51150521,-1
a14365130,-1
a15423552,-1
a27781833,-1
a25448433,-1
a239899,-1
a558726995077098463,-1
a44384403,-1
a33340216,-1
a49276831,-1
a28277212,-1
a2674784,-1
a1925224,-1
a52329966,-1
a18595831,-1
a387666,-1
a551319901559838353,-1
a577638418323881838,-1
a19660760,-1
a44973,-1
a28872377,-1
a669671109839375840,-1
a50889641,-1
a578319169922125093,-1
a26874261,-1
a44427742,-1
a51519947,-1
a53022671,-1
a597126282892154881,-1
a5919646,-1
a723456435927632001,-1
a51351995,-1
a738531349516163975,-1
a30449111,-1
a10115137,-1
a2942129,-1
a684960054251261950,-1
a171978,-1
a12866207,-1
a34320465,-1
a16164399,-1
a20641534,-1
a16019792,-1
a666613,-1
a3866888,-1
a604906475107997381,-1
a40535156,-1
a18931595,-1
a20982422,-1
a741178664950324853,-1
a16937801,-1
a6146783,-1
a49484842,-1
a45595421,-1
a566657114696204623,-1
a698132,-1
a27019732,-1
a40915004,-1
a49199952,-1
a53132475,-1
a15721847,-1
a33387469,-1
a593000,-1
a771430,-1
a51685559,-1
a783420775267244079,-1
a53088392,-1
a19717723,-1
a52578913,-1
a1939283,-1
a4499097,-1
a33910078,-1
a823880,-1
a18610539,-1
a12300734,-1
a628054598742623877,-1
a667341502055503795,-1
a573812051000501928,-1
a53722709,-1
a2145599,-1
a1801130,-1
a46729966,-1
a16414538,-1
a605263422644130693,-1
a2683455,-1
a53575004,-1
a695645035940802712,-1
a653688020628660646,-1
a36117552,-1
a53970963,-1
a772316513891846947,-1
a45335934,-1
a526680812422731086,-1
a53501627,-1
a38363300,-1
a38986627,-1
a33881088,-1
a35493937,-1
a661544600499634761,-1
a19964262,-1
a35768266,-1
a26743923,-1
a697077359393327151,-1
a51386433,-1
a26398257,-1
a4053249,-1
a686426058732284823,-1
a6012187,-1
a34840495,-1
a797876512658754065,-1
a24370692,-1
a674453665017868057,-1
a1240530,-1
a695779291962525074,-1
a30104723,-1
a30908379,-1
a53202070,-1
a27542642,-1
a623222466272185741,-1
a38325701,-1
a4853365,-1
a18721341,-1
a49969003,-1
a751733068317841365,-1
a52471142,-1
a32841311,-1
a46917411,-1
a5431845,-1
a43591709,-1
a531455,-1
a23369991,-1
a14471418,-1
a7894007,-1
a49294392,-1
a34573368,-1
a54039740,-1
a3563271,-1
a53403946,-1
a711014189883049691,-1
a717948583679772145,-1
a20572472,-1
a22942669,-1
a26010424,-1
a36267546,-1
a30811789,-1
a21308702,-1
a3654510,-1
a31085028,-1
a50231445,-1
a27483961,-1
a27952742,-1
a808188195062982853,-1
a581854665217351094,-1
a19981877,-1
a39987747,-1
a40203774,-1
a855549,-1
a19049579,-1
a9572219,-1
a10637554,-1
a33772698,-1
a11715651,-1
a9289159,-1
a45543348,-1
a195240,-1
a45926638,-1
a48395654,-1
a38355160,-1
a621305839800515419,-1
a48365708,-1
a46827277,-1
a40611604,-1
a21868424,-1
a8281340,-1
a546555949054231567,-1
a4392351,-1
a253839,-1
a38135970,-1
a50343225,-1
a50423127,-1
a709364398556175620,-1
a54004046,-1
a48942774,-1
a41008859,-1
a52009700,-1
a80684,-1
a46097387,-1
a42099788,-1
a758599843151404829,-1
a561039682477401900,-1
a770445497230662840,-1
a41295300,-1
a8016747,-1
a6031001,-1
a22516244,-1
a595746228812859076,-1
a778173522535031015,-1
a10377405,-1
a35376476,-1
a712440825399491409,-1
a21630186,-1
a695414770327102157,-1
a1320550,-1
a19673318,-1
a48982500,-1
a1976123,-1
a34207925,-1
a43596004,-1
a24580129,-1
a30430235,-1
a25689024,-1
a46815871,-1
a29097472,-1
a53647028,-1
a4842054,-1
a6304002,-1
a35648435,-1
a50940330,-1
a40160578,-1
a752124066836971423,-1
a19019762,-1
a48256339,-1
a21176110,-1
a640803678803535962,-1
a722328771203163875,-1
a23973305,-1
a37940610,-1
a34124075,-1
a17685710,-1
a40152094,-1
a34443205,-1
a26774025,-1
a51957818,-1
a42153254,-1
a9464605,-1
a11732961,-1
a21090094,-1
a51321749,-1
a31178559,-1
a6343641,-1
a6851875,-1
a613606877775615112,-1
a32038185,-1
a46705156,-1
a34142214,-1
a2619802,-1
a624694699394680598,-1
a29285414,-1
a20245130,-1
a694891494434802995,-1
a31924097,-1
a634937231178401689,-1
a22582841,-1
a34972828,-1
a2263265,-1
a52511469,-1
a721610394206133397,-1
a38980221,-1
a21583472,-1
a286662,-1
a26552832,-1
a2254817,-1
a50154258,-1
a6546016,-1
a25982839,-1
a634276902012072709,-1
a50994590,-1
a41159052,-1
a54243391,-1
a13745644,-1
a747776875953526819,-1
a710748011728457591,-1
a627028314789354917,-1
a794281,-1
a18240963,-1
a566516561467185036,-1
a43844044,-1
a52109956,-1
a47009616,-1
a618923158188564061,-1
a46714824,-1
a45988097,-1
a49748862,-1
a37763951,-1
a28284019,-1
a766096522634607786,-1
a4603012,-1
a1855846,-1
a46102949,-1
a45825796,-1
a8373265,-1
a47355083,-1
a4710315,-1
a28081782,-1
a37569987,-1
a693332520080553680,-1
a781056513347793460,-1
a53067644,-1
a598400469171284492,-1
a8684886,-1
a645942,-1
a506696645111703355,-1
a801606628280383620,-1
a11023993,-1
a54144617,-1
a757171658143702690,-1
a52857463,-1
a52421812,-1
a50404599,-1
a52786054,-1
a615356138787526308,-1
a249414,-1
a686500188753163449,-1
a49325044,-1
a52675857,-1
a596518835823480519,-1
a19888160,-1
a47754064,-1
a52126679,-1
a14871074,-1
a49960178,-1
a22151798,-1
a23131033,-1
a10252921,-1
a53462276,-1
a657007491901880680,-1
a568743,-1
a23109329,-1
a53094362,-1
a442649,-1
a2909117,-1
a629785812320853020,-1
a660640792226824250,-1
a33156123,-1
a52282232,-1
a2678075,-1
a2000576,-1
a45221540,-1
a30932198,-1
a18254314,-1
a52906169,-1
a9575903,-1
a48244153,-1
a23785875,-1
a41772235,-1
a578075564744062488,-1
a18506359,-1
a547062737693327871,-1
a705749,-1
a12856720,-1
a46737074,-1
a3701890,-1
a40140872,-1
a560151373846072213,-1
a38035698,-1
a9181483,-1
a16220003,-1
a52732645,-1
a54326385,-1
a39280356,-1
a21813491,-1
a13997894,-1
a1583653,-1
a4031463,-1
a53413644,-1
a12205049,-1
a27338033,-1
a50844678,-1
a52609047,-1
a794479336968701548,-1
a633522447871551161,-1
a24376374,-1
a38883635,-1
a28181827,-1
a28913606,-1
a48257754,-1
a651379369974834329,-1
a30685870,-1
a22258326,-1
a668902255426418000,-1
a9357,-1
a894093,-1
a30213232,-1
a38020017,-1
a42002291,-1
a32441769,-1
a20045444,-1
a1901357,-1
a14672067,-1
a9626230,-1
a25468554,-1
a21015347,-1
a25839759,-1
a654337225041126036,-1
a40787065,-1
a21619569,-1
a634506087516166647,-1
a637834430758310495,-1
a4582785,-1
a48560520,-1
a18869228,-1
a31717837,-1
a693638077368231419,-1
a1745430,-1
a46967723,-1
a22400568,-1
a6332130,-1
a52405840,-1
a35714197,-1
a54398282,-1
a2075526,-1
a617976469167890423,-1
a53216181,-1
a21619743,-1
a32841707,-1
a567952186010369328,-1
a38923034,-1
a559344504824557727,-1
a601406423329071870,-1
a20089288,-1
a53640500,-1
a50504251,-1
a694226548116528613,-1
a32543276,-1
a47826116,-1
a6476426,-1
a40115768,-1
a679793888125076039,-1
a52932122,-1
a636801605735543805,-1
a53630655,-1
a53704772,-1
a20153406,-1
a697010256022743047,-1
a6091850,-1
a658848884017539502,-1
a651501785568139544,-1
a600175905834559693,-1
a53425829,-1
a49898328,-1
a13417071,-1
a48316241,-1
a19659874,-1
a575940350599230311,-1
a673176632286537613,-1
a50956414,-1
a804194,-1
a44857436,-1
a39157606,-1
a46329890,-1
a14961122,-1
a51717795,-1
a574564294530069603,-1
a32166672,-1
a12431649,-1
a15664037,-1
a685564875961954959,-1
a678385919636716553,-1
a53047016,-1
a22167066,-1
a13478244,-1
a682511792772948913,-1
a13815162,-1
a52553434,-1
a3522244,-1
a13333542,-1
a713047514796758472,-1
a34485285,-1
a18734320,-1
a661761693245194085,-1
a794496,-1
a18806323,-1
a28165121,-1
a41354840,-1
a749423297921285725,-1
a33605568,-1
a680653503850009988,-1
a33194789,-1
a15966974,-1
a53738093,-1
a11775483,-1
a41802649,-1
a49607441,-1
a46737044,-1
a25830323,-1
a674180663240627852,-1
a9612938,-1
a12962798,-1
a22055300,-1
a35235379,-1
a746260924383115306,-1
a50287920,-1
a731039738035863509,-1
a644960069324573869,-1
a16405126,-1
a37497491,-1
a20085460,-1
a35875685,-1
a13495558,-1
a47100085,-1
a166006,-1
a19677221,-1
a35840564,-1
a53148122,-1
a682926404495870770,-1
a501404598925361958,-1
a52882059,-1
a42925669,-1
a563231639144821650,-1
a679175170766060904,-1
a3827442,-1
a44611550,-1
a624668883011039248,-1
a50933213,-1
a754338946918398097,-1
a647221355173490472,-1
a53381724,-1
a32818383,-1
a24177410,-1
a16166989,-1
a19401219,-1
a31530711,-1
a10709249,-1
a53846384,-1
a607411512488798244,-1
a608883511707431102,-1
a42289806,-1
a61509,-1
a14551508,-1
a696460039951904084,-1
a11497938,-1
a4576244,-1
a5199439,-1
a16190902,-1
a46566088,-1
a52352531,-1
a51279423,-1
a13857312,-1
a771748368191723120,-1
a15328237,-1
a19226317,-1
a54326605,-1
a37720576,-1
a34202651,-1
a21325259,-1
a24356861,-1
a49613098,-1
a857810,-1
a48168638,-1
a8556915,-1
a2532443,-1
a51454723,-1
a10566341,-1
a53968656,-1
a29242564,-1
a35161717,-1
a22175928,-1
a775873445503045695,-1
a549275003907405309,-1
a19413230,-1
a700131105448536784,-1
a39840444,-1
a602019372802508438,-1
a53023166,-1
a51154696,-1
a647670913385420699,-1
a21804600,-1
a3749971,-1
a17367175,-1
a36114337,-1
a10381948,-1
a19985425,-1
a41691667,-1
a585485337933656429,-1
a36783928,-1
a21728670,-1
a27333008,-1
a52778771,-1
a43554831,-1
a33422954,-1
a13532647,-1
a52829500,-1
a605060073702279502,-1
a6316005,-1
a717177833853440911,-1
a47272247,-1
a33133219,-1
a741416829933711693,-1
a21950963,-1
a43909885,-1
a17720628,-1
a18226108,-1
a9563873,-1
a665181323509587015,-1
a53784208,-1
a21458689,-1
a8341556,-1
a568782483385919603,-1
a28290447,-1
a3675957,-1
a702187253516837238,-1
a855462,-1
a50155997,-1
a570797,-1
a14202979,-1
a33497909,-1
a694997579297645640,-1
a11693193,-1
a993576,-1
a35682527,-1
a48257775,-1
a141154,-1
a710376451046553428,-1
a51520023,-1
a45842656,-1
a640159275260186822,-1
a17141413,-1
a6868777,-1
a52814323,-1
a4704813,-1
a731381060585525525,-1
a48846698,-1
a726000335603964700,-1
a660940560060861896,-1
a314982,-1
a21818110,-1
a687406725918791602,-1
a50297261,-1
a752215411050450936,-1
a19912695,-1
a50416136,-1
a41178871,-1
a42030455,-1
a27489188,-1
a7679943,-1
a9028493,-1
a47290538,-1
a20800449,-1
a21634030,-1
a749588524789650722,-1
a38724583,-1
a20714171,-1
a48471666,-1
a19845074,-1
a736148738990041271,-1
a29570883,-1
a720878079010316818,-1
a951439,-1
a4303600,-1
a636944733339084818,-1
a22972328,-1
a49249517,-1
a14109485,-1
a750158215910449548,-1
a9767424,-1
a483505,-1
a15646586,-1
a51175621,-1
a601621921556384429,-1
a747796267729628964,-1
a43686536,-1
a45091742,-1
a45796822,-1
a679805961670077227,-1
a696616459846609727,-1
a2298731,-1
a15545469,-1
a50918485,-1
a2641540,-1
a53576816,-1
a182177,-1
a46037635,-1
a3529500,-1
a613809022021280612,-1
a9089306,-1
a4069341,-1
a736050174167790500,-1
a52934380,-1
a32530603,-1
a47012155,-1
a32666534,-1
a31057348,-1
a689689245836120476,-1
a614693159756870969,-1
a551340151871927788,-1
a39603782,-1
a53502370,-1
a711823240995768545,-1
a9445342,-1
a2071464,-1
a26534838,-1
a50630655,-1
a14520743,-1
a26779818,-1
a4265471,-1
a674804682476652323,-1
a713908258432753474,-1
a46413038,-1
a53863561,-1
a696643028441338049,-1
a43302175,-1
a17897913,-1
a37833931,-1
a16226219,-1
a805975699974480236,-1
a13751529,-1
a3206379,-1
a576354302955996528,-1
a561453282451969381,-1
a582062351025373883,-1
a734069799758610751,-1
a742299317274510543,-1
a35157481,-1
a30438204,-1
a1756520,-1
a22961758,-1
a629797035359282768,-1
a691960006499046549,-1
a52953791,-1
a42022909,-1
a49798380,-1
a38571450,-1
a3749140,-1
a2635078,-1
a1156499,-1
a46950008,-1
a4206034,-1
a47372712,-1
a49593742,-1
a14110144,-1
a7769782,-1
a19066190,-1
a53572965,-1
a17759478,-1
